This file contains any messages produced by compilers while
running configure, to aid debugging if configure makes a mistake.

It was created by libsodium configure 1.0.18, which was
generated by GNU Autoconf 2.71.  Invocation command line was

  $ ./configure --prefix=/jty/xyx1/vole_pdc2_repro/deps/volepsi/out/install/linux --with-pic=no --verbose

## --------- ##
## Platform. ##
## --------- ##

hostname = ubuntu-SSINSPURMBX-XI6-E711
uname -m = x86_64
uname -r = 6.11.0-25-generic
uname -s = Linux
uname -v = #25~24.04.1-Ubuntu SMP PREEMPT_DYNAMIC Tue Apr 15 17:20:50 UTC 2

/usr/bin/uname -p = x86_64
/bin/uname -X     = unknown

/bin/arch              = x86_64
/usr/bin/arch -k       = unknown
/usr/convex/getsysinfo = unknown
/usr/bin/hostinfo      = unknown
/bin/machine           = unknown
/usr/bin/oslevel       = unknown
/bin/universe          = unknown

PATH: /usr/local/sbin/
PATH: /usr/local/bin/
PATH: /usr/sbin/
PATH: /usr/bin/
PATH: /sbin/
PATH: /bin/
PATH: /usr/games/
PATH: /usr/local/games/
PATH: /snap/bin/


## ----------- ##
## Core tests. ##
## ----------- ##

configure:2633: looking for aux files: ltmain.sh compile missing install-sh config.guess config.sub
configure:2646:  trying ./build-aux/
configure:2675:   ./build-aux/ltmain.sh found
configure:2675:   ./build-aux/compile found
configure:2675:   ./build-aux/missing found
configure:2657:   ./build-aux/install-sh found
configure:2675:   ./build-aux/config.guess found
configure:2675:   ./build-aux/config.sub found
configure:2796: checking build system type
configure:2811: result: x86_64-pc-linux-gnu
configure:2831: checking host system type
configure:2845: result: x86_64-pc-linux-gnu
configure:2865: checking target system type
configure:2879: result: x86_64-pc-linux-gnu
configure:2922: checking for a BSD-compatible install
configure:2995: result: /usr/bin/install -c
configure:3006: checking whether build environment is sane
configure:3061: result: yes
configure:3220: checking for a race-free mkdir -p
configure:3264: result: /usr/bin/mkdir -p
configure:3271: checking for gawk
configure:3306: result: no
configure:3271: checking for mawk
configure:3292: found /usr/bin/mawk
configure:3303: result: mawk
configure:3314: checking whether make sets $(MAKE)
configure:3337: result: yes
configure:3367: checking whether make supports nested variables
configure:3385: result: yes
configure:3470: checking whether UID '1017' is supported by ustar format
configure:3473: result: yes
configure:3480: checking whether GID '1017' is supported by ustar format
configure:3483: result: yes
configure:3491: checking how to create a ustar tar archive
configure:3502: tar --version
tar (GNU tar) 1.35
Copyright (C) 2023 Free Software Foundation, Inc.
License GPLv3+: GNU GPL version 3 or later <https://gnu.org/licenses/gpl.html>.
This is free software: you are free to change and redistribute it.
There is NO WARRANTY, to the extent permitted by law.

Written by John Gilmore and Jay Fenlason.
configure:3505: $? = 0
configure:3545: tardir=conftest.dir && eval tar --format=ustar -chf - "$tardir" >conftest.tar
configure:3548: $? = 0
configure:3552: tar -xf - <conftest.tar
configure:3555: $? = 0
configure:3557: cat conftest.dir/file
GrepMe
configure:3560: $? = 0
configure:3574: result: gnutar
configure:3650: checking whether make supports nested variables
configure:3668: result: yes
configure:3680: checking whether to enable maintainer-specific portions of Makefiles
configure:3690: result: no
configure:3819: checking for gcc
configure:3851: result: /usr/bin/cc
configure:4204: checking for C compiler version
configure:4213: /usr/bin/cc --version >&5
cc (Ubuntu 13.3.0-6ubuntu2~24.04) 13.3.0
Copyright (C) 2023 Free Software Foundation, Inc.
This is free software; see the source for copying conditions.  There is NO
warranty; not even for MERCHANTABILITY or FITNESS FOR A PARTICULAR PURPOSE.

configure:4224: $? = 0
configure:4213: /usr/bin/cc -v >&5
Using built-in specs.
COLLECT_GCC=/usr/bin/cc
COLLECT_LTO_WRAPPER=/usr/libexec/gcc/x86_64-linux-gnu/13/lto-wrapper
OFFLOAD_TARGET_NAMES=nvptx-none:amdgcn-amdhsa
OFFLOAD_TARGET_DEFAULT=1
Target: x86_64-linux-gnu
Configured with: ../src/configure -v --with-pkgversion='Ubuntu 13.3.0-6ubuntu2~24.04' --with-bugurl=file:///usr/share/doc/gcc-13/README.Bugs --enable-languages=c,ada,c++,go,d,fortran,objc,obj-c++,m2 --prefix=/usr --with-gcc-major-version-only --program-suffix=-13 --program-prefix=x86_64-linux-gnu- --enable-shared --enable-linker-build-id --libexecdir=/usr/libexec --without-included-gettext --enable-threads=posix --libdir=/usr/lib --enable-nls --enable-bootstrap --enable-clocale=gnu --enable-libstdcxx-debug --enable-libstdcxx-time=yes --with-default-libstdcxx-abi=new --enable-libstdcxx-backtrace --enable-gnu-unique-object --disable-vtable-verify --enable-plugin --enable-default-pie --with-system-zlib --enable-libphobos-checking=release --with-target-system-zlib=auto --enable-objc-gc=auto --enable-multiarch --disable-werror --enable-cet --with-arch-32=i686 --with-abi=m64 --with-multilib-list=m32,m64,mx32 --enable-multilib --with-tune=generic --enable-offload-targets=nvptx-none=/build/gcc-13-fG75Ri/gcc-13-13.3.0/debian/tmp-nvptx/usr,amdgcn-amdhsa=/build/gcc-13-fG75Ri/gcc-13-13.3.0/debian/tmp-gcn/usr --enable-offload-defaulted --without-cuda-driver --enable-checking=release --build=x86_64-linux-gnu --host=x86_64-linux-gnu --target=x86_64-linux-gnu --with-build-config=bootstrap-lto-lean --enable-link-serialization=2
Thread model: posix
Supported LTO compression algorithms: zlib zstd
gcc version 13.3.0 (Ubuntu 13.3.0-6ubuntu2~24.04) 
... rest of stderr output deleted ...
configure:4224: $? = 0
configure:4213: /usr/bin/cc -V >&5
cc: error: unrecognized command-line option '-V'
cc: fatal error: no input files
compilation terminated.
configure:4224: $? = 1
configure:4213: /usr/bin/cc -qversion >&5
cc: error: unrecognized command-line option '-qversion'; did you mean '--version'?
cc: fatal error: no input files
compilation terminated.
configure:4224: $? = 1
configure:4213: /usr/bin/cc -version >&5
cc: error: unrecognized command-line option '-version'
cc: fatal error: no input files
compilation terminated.
configure:4224: $? = 1
configure:4244: checking whether the C compiler works
configure:4266: /usr/bin/cc    conftest.c  >&5
configure:4270: $? = 0
configure:4320: result: yes
configure:4323: checking for C compiler default output file name
configure:4325: result: a.out
configure:4331: checking for suffix of executables
configure:4338: /usr/bin/cc -o conftest    conftest.c  >&5
configure:4342: $? = 0
configure:4365: result: 
configure:4387: checking whether we are cross compiling
configure:4395: /usr/bin/cc -o conftest    conftest.c  >&5
configure:4399: $? = 0
configure:4406: ./conftest
configure:4410: $? = 0
configure:4425: result: no
configure:4430: checking for suffix of object files
configure:4453: /usr/bin/cc -c   conftest.c >&5
configure:4457: $? = 0
configure:4479: result: o
configure:4483: checking whether the compiler supports GNU C
configure:4503: /usr/bin/cc -c   conftest.c >&5
configure:4503: $? = 0
configure:4513: result: yes
configure:4524: checking whether /usr/bin/cc accepts -g
configure:4545: /usr/bin/cc -c -g  conftest.c >&5
configure:4545: $? = 0
configure:4589: result: yes
configure:4609: checking for /usr/bin/cc option to enable C11 features
configure:4624: /usr/bin/cc  -c -g -O2  conftest.c >&5
configure:4624: $? = 0
configure:4642: result: none needed
configure:4758: checking whether /usr/bin/cc understands -c and -o together
configure:4781: /usr/bin/cc -c conftest.c -o conftest2.o
configure:4784: $? = 0
configure:4781: /usr/bin/cc -c conftest.c -o conftest2.o
configure:4784: $? = 0
configure:4796: result: yes
configure:4816: checking whether make supports the include directive
configure:4831: make -f confmf.GNU && cat confinc.out
this is the am__doit target
configure:4834: $? = 0
configure:4853: result: yes (GNU style)
configure:4859: checking dependency style of /usr/bin/cc
configure:4971: result: gcc3
configure:4995: checking dependency style of /usr/bin/cc
configure:5105: result: gcc3
configure:5125: checking for stdio.h
configure:5125: /usr/bin/cc -c -g -O2  conftest.c >&5
configure:5125: $? = 0
configure:5125: result: yes
configure:5125: checking for stdlib.h
configure:5125: /usr/bin/cc -c -g -O2  conftest.c >&5
configure:5125: $? = 0
configure:5125: result: yes
configure:5125: checking for string.h
configure:5125: /usr/bin/cc -c -g -O2  conftest.c >&5
configure:5125: $? = 0
configure:5125: result: yes
configure:5125: checking for inttypes.h
configure:5125: /usr/bin/cc -c -g -O2  conftest.c >&5
configure:5125: $? = 0
configure:5125: result: yes
configure:5125: checking for stdint.h
configure:5125: /usr/bin/cc -c -g -O2  conftest.c >&5
configure:5125: $? = 0
configure:5125: result: yes
configure:5125: checking for strings.h
configure:5125: /usr/bin/cc -c -g -O2  conftest.c >&5
configure:5125: $? = 0
configure:5125: result: yes
configure:5125: checking for sys/stat.h
configure:5125: /usr/bin/cc -c -g -O2  conftest.c >&5
configure:5125: $? = 0
configure:5125: result: yes
configure:5125: checking for sys/types.h
configure:5125: /usr/bin/cc -c -g -O2  conftest.c >&5
configure:5125: $? = 0
configure:5125: result: yes
configure:5125: checking for unistd.h
configure:5125: /usr/bin/cc -c -g -O2  conftest.c >&5
configure:5125: $? = 0
configure:5125: result: yes
configure:5125: checking for wchar.h
configure:5125: /usr/bin/cc -c -g -O2  conftest.c >&5
configure:5125: $? = 0
configure:5125: result: yes
configure:5125: checking for minix/config.h
configure:5125: /usr/bin/cc -c -g -O2  conftest.c >&5
conftest.c:49:10: fatal error: minix/config.h: No such file or directory
   49 | #include <minix/config.h>
      |          ^~~~~~~~~~~~~~~~
compilation terminated.
configure:5125: $? = 1
configure: failed program was:
| /* confdefs.h */
| #define PACKAGE_NAME "libsodium"
| #define PACKAGE_TARNAME "libsodium"
| #define PACKAGE_VERSION "1.0.18"
| #define PACKAGE_STRING "libsodium 1.0.18"
| #define PACKAGE_BUGREPORT "https://github.com/jedisct1/libsodium/issues"
| #define PACKAGE_URL "https://libsodium.org"
| #define PACKAGE "libsodium"
| #define VERSION "1.0.18"
| #define HAVE_STDIO_H 1
| #define HAVE_STDLIB_H 1
| #define HAVE_STRING_H 1
| #define HAVE_INTTYPES_H 1
| #define HAVE_STDINT_H 1
| #define HAVE_STRINGS_H 1
| #define HAVE_SYS_STAT_H 1
| #define HAVE_SYS_TYPES_H 1
| #define HAVE_UNISTD_H 1
| #define HAVE_WCHAR_H 1
| /* end confdefs.h.  */
| #include <stddef.h>
| #ifdef HAVE_STDIO_H
| # include <stdio.h>
| #endif
| #ifdef HAVE_STDLIB_H
| # include <stdlib.h>
| #endif
| #ifdef HAVE_STRING_H
| # include <string.h>
| #endif
| #ifdef HAVE_INTTYPES_H
| # include <inttypes.h>
| #endif
| #ifdef HAVE_STDINT_H
| # include <stdint.h>
| #endif
| #ifdef HAVE_STRINGS_H
| # include <strings.h>
| #endif
| #ifdef HAVE_SYS_TYPES_H
| # include <sys/types.h>
| #endif
| #ifdef HAVE_SYS_STAT_H
| # include <sys/stat.h>
| #endif
| #ifdef HAVE_UNISTD_H
| # include <unistd.h>
| #endif
| #include <minix/config.h>
configure:5125: result: no
configure:5156: checking whether it is safe to define __EXTENSIONS__
configure:5175: /usr/bin/cc -c -g -O2  conftest.c >&5
configure:5175: $? = 0
configure:5183: result: yes
configure:5186: checking whether _XOPEN_SOURCE should be defined
configure:5208: /usr/bin/cc -c -g -O2  conftest.c >&5
configure:5208: $? = 0
configure:5235: result: no
configure:5469: checking for a sed that does not truncate output
configure:5539: result: /usr/bin/sed
configure:5549: checking how to run the C preprocessor
configure:5575: /usr/bin/cc -E  conftest.c
configure:5575: $? = 0
configure:5590: /usr/bin/cc -E  conftest.c
conftest.c:38:10: fatal error: ac_nonexistent.h: No such file or directory
   38 | #include <ac_nonexistent.h>
      |          ^~~~~~~~~~~~~~~~~~
compilation terminated.
configure:5590: $? = 1
configure: failed program was:
| /* confdefs.h */
| #define PACKAGE_NAME "libsodium"
| #define PACKAGE_TARNAME "libsodium"
| #define PACKAGE_VERSION "1.0.18"
| #define PACKAGE_STRING "libsodium 1.0.18"
| #define PACKAGE_BUGREPORT "https://github.com/jedisct1/libsodium/issues"
| #define PACKAGE_URL "https://libsodium.org"
| #define PACKAGE "libsodium"
| #define VERSION "1.0.18"
| #define HAVE_STDIO_H 1
| #define HAVE_STDLIB_H 1
| #define HAVE_STRING_H 1
| #define HAVE_INTTYPES_H 1
| #define HAVE_STDINT_H 1
| #define HAVE_STRINGS_H 1
| #define HAVE_SYS_STAT_H 1
| #define HAVE_SYS_TYPES_H 1
| #define HAVE_UNISTD_H 1
| #define HAVE_WCHAR_H 1
| #define STDC_HEADERS 1
| #define _ALL_SOURCE 1
| #define _DARWIN_C_SOURCE 1
| #define _GNU_SOURCE 1
| #define _HPUX_ALT_XOPEN_SOCKET_API 1
| #define _NETBSD_SOURCE 1
| #define _OPENBSD_SOURCE 1
| #define _POSIX_PTHREAD_SEMANTICS 1
| #define __STDC_WANT_IEC_60559_ATTRIBS_EXT__ 1
| #define __STDC_WANT_IEC_60559_BFP_EXT__ 1
| #define __STDC_WANT_IEC_60559_DFP_EXT__ 1
| #define __STDC_WANT_IEC_60559_FUNCS_EXT__ 1
| #define __STDC_WANT_IEC_60559_TYPES_EXT__ 1
| #define __STDC_WANT_LIB_EXT2__ 1
| #define __STDC_WANT_MATH_SPEC_FUNCS__ 1
| #define _TANDEM_SOURCE 1
| #define __EXTENSIONS__ 1
| /* end confdefs.h.  */
| #include <ac_nonexistent.h>
configure:5617: result: /usr/bin/cc -E
configure:5631: /usr/bin/cc -E  conftest.c
configure:5631: $? = 0
configure:5646: /usr/bin/cc -E  conftest.c
conftest.c:38:10: fatal error: ac_nonexistent.h: No such file or directory
   38 | #include <ac_nonexistent.h>
      |          ^~~~~~~~~~~~~~~~~~
compilation terminated.
configure:5646: $? = 1
configure: failed program was:
| /* confdefs.h */
| #define PACKAGE_NAME "libsodium"
| #define PACKAGE_TARNAME "libsodium"
| #define PACKAGE_VERSION "1.0.18"
| #define PACKAGE_STRING "libsodium 1.0.18"
| #define PACKAGE_BUGREPORT "https://github.com/jedisct1/libsodium/issues"
| #define PACKAGE_URL "https://libsodium.org"
| #define PACKAGE "libsodium"
| #define VERSION "1.0.18"
| #define HAVE_STDIO_H 1
| #define HAVE_STDLIB_H 1
| #define HAVE_STRING_H 1
| #define HAVE_INTTYPES_H 1
| #define HAVE_STDINT_H 1
| #define HAVE_STRINGS_H 1
| #define HAVE_SYS_STAT_H 1
| #define HAVE_SYS_TYPES_H 1
| #define HAVE_UNISTD_H 1
| #define HAVE_WCHAR_H 1
| #define STDC_HEADERS 1
| #define _ALL_SOURCE 1
| #define _DARWIN_C_SOURCE 1
| #define _GNU_SOURCE 1
| #define _HPUX_ALT_XOPEN_SOCKET_API 1
| #define _NETBSD_SOURCE 1
| #define _OPENBSD_SOURCE 1
| #define _POSIX_PTHREAD_SEMANTICS 1
| #define __STDC_WANT_IEC_60559_ATTRIBS_EXT__ 1
| #define __STDC_WANT_IEC_60559_BFP_EXT__ 1
| #define __STDC_WANT_IEC_60559_DFP_EXT__ 1
| #define __STDC_WANT_IEC_60559_FUNCS_EXT__ 1
| #define __STDC_WANT_IEC_60559_TYPES_EXT__ 1
| #define __STDC_WANT_LIB_EXT2__ 1
| #define __STDC_WANT_MATH_SPEC_FUNCS__ 1
| #define _TANDEM_SOURCE 1
| #define __EXTENSIONS__ 1
| /* end confdefs.h.  */
| #include <ac_nonexistent.h>
configure:5677: checking for grep that handles long lines and -e
configure:5741: result: /usr/bin/grep
configure:5746: checking for egrep
configure:5814: result: /usr/bin/grep -E
configure:5982: checking whether /usr/bin/cc is Clang
configure:6009: result: no
configure:6074: checking whether pthreads work with "-pthread" and "-lpthread"
configure:6185: /usr/bin/cc -o conftest -g -O2 -pthread   conftest.c -lpthread  >&5
configure:6185: $? = 0
configure:6195: result: yes
configure:6318: checking for joinable pthread attribute
configure:6337: /usr/bin/cc -o conftest -g -O2 -pthread   conftest.c -lpthread  >&5
configure:6337: $? = 0
configure:6346: result: PTHREAD_CREATE_JOINABLE
configure:6359: checking whether more special flags are required for pthreads
configure:6373: result: no
configure:6382: checking for PTHREAD_PRIO_INHERIT
configure:6400: /usr/bin/cc -o conftest -g -O2 -pthread   conftest.c -lpthread  >&5
configure:6400: $? = 0
configure:6410: result: yes
configure:6590: /usr/bin/cc -o conftest -g -O2   conftest.c  >&5
configure:6590: $? = 0
configure:7537: checking for variable-length arrays
configure:7595: /usr/bin/cc -c -g -O2 -pthread  conftest.c >&5
configure:7595: $? = 0
configure:7606: result: yes
configure:7620: checking for __wasi__ defined
configure:7643: /usr/bin/cc -c -g -O2 -pthread  conftest.c >&5
conftest.c: In function 'main':
conftest.c:49:3: error: unknown type name 'choke'
   49 |   choke me
      |   ^~~~~
configure:7643: $? = 1
configure: failed program was:
| /* confdefs.h */
| #define PACKAGE_NAME "libsodium"
| #define PACKAGE_TARNAME "libsodium"
| #define PACKAGE_VERSION "1.0.18"
| #define PACKAGE_STRING "libsodium 1.0.18"
| #define PACKAGE_BUGREPORT "https://github.com/jedisct1/libsodium/issues"
| #define PACKAGE_URL "https://libsodium.org"
| #define PACKAGE "libsodium"
| #define VERSION "1.0.18"
| #define HAVE_STDIO_H 1
| #define HAVE_STDLIB_H 1
| #define HAVE_STRING_H 1
| #define HAVE_INTTYPES_H 1
| #define HAVE_STDINT_H 1
| #define HAVE_STRINGS_H 1
| #define HAVE_SYS_STAT_H 1
| #define HAVE_SYS_TYPES_H 1
| #define HAVE_UNISTD_H 1
| #define HAVE_WCHAR_H 1
| #define STDC_HEADERS 1
| #define _ALL_SOURCE 1
| #define _DARWIN_C_SOURCE 1
| #define _GNU_SOURCE 1
| #define _HPUX_ALT_XOPEN_SOCKET_API 1
| #define _NETBSD_SOURCE 1
| #define _OPENBSD_SOURCE 1
| #define _POSIX_PTHREAD_SEMANTICS 1
| #define __STDC_WANT_IEC_60559_ATTRIBS_EXT__ 1
| #define __STDC_WANT_IEC_60559_BFP_EXT__ 1
| #define __STDC_WANT_IEC_60559_DFP_EXT__ 1
| #define __STDC_WANT_IEC_60559_FUNCS_EXT__ 1
| #define __STDC_WANT_IEC_60559_TYPES_EXT__ 1
| #define __STDC_WANT_LIB_EXT2__ 1
| #define __STDC_WANT_MATH_SPEC_FUNCS__ 1
| #define _TANDEM_SOURCE 1
| #define __EXTENSIONS__ 1
| #define HAVE_PTHREAD_PRIO_INHERIT 1
| #define HAVE_PTHREAD 1
| #define HAVE_C_VARARRAYS 1
| /* end confdefs.h.  */
| 
| int
| main (void)
| {
| 
|   #ifdef __wasi__
|   int ok;
|   #else
|   choke me
|   #endif
| 
|   ;
|   return 0;
| }
configure:7651: result: no
configure:7661: checking whether to add -D_FORTIFY_SOURCE=2 to CPPFLAGS
configure:7682: /usr/bin/cc -o conftest -g -O2 -pthread   conftest.c -lpthread  >&5
conftest.c: In function 'main':
conftest.c:50:21: error: 'this_is_an_error' undeclared (first use in this function)
   50 |                     this_is_an_error;
      |                     ^~~~~~~~~~~~~~~~
conftest.c:50:21: note: each undeclared identifier is reported only once for each function it appears in
configure:7682: $? = 1
configure: failed program was:
| /* confdefs.h */
| #define PACKAGE_NAME "libsodium"
| #define PACKAGE_TARNAME "libsodium"
| #define PACKAGE_VERSION "1.0.18"
| #define PACKAGE_STRING "libsodium 1.0.18"
| #define PACKAGE_BUGREPORT "https://github.com/jedisct1/libsodium/issues"
| #define PACKAGE_URL "https://libsodium.org"
| #define PACKAGE "libsodium"
| #define VERSION "1.0.18"
| #define HAVE_STDIO_H 1
| #define HAVE_STDLIB_H 1
| #define HAVE_STRING_H 1
| #define HAVE_INTTYPES_H 1
| #define HAVE_STDINT_H 1
| #define HAVE_STRINGS_H 1
| #define HAVE_SYS_STAT_H 1
| #define HAVE_SYS_TYPES_H 1
| #define HAVE_UNISTD_H 1
| #define HAVE_WCHAR_H 1
| #define STDC_HEADERS 1
| #define _ALL_SOURCE 1
| #define _DARWIN_C_SOURCE 1
| #define _GNU_SOURCE 1
| #define _HPUX_ALT_XOPEN_SOCKET_API 1
| #define _NETBSD_SOURCE 1
| #define _OPENBSD_SOURCE 1
| #define _POSIX_PTHREAD_SEMANTICS 1
| #define __STDC_WANT_IEC_60559_ATTRIBS_EXT__ 1
| #define __STDC_WANT_IEC_60559_BFP_EXT__ 1
| #define __STDC_WANT_IEC_60559_DFP_EXT__ 1
| #define __STDC_WANT_IEC_60559_FUNCS_EXT__ 1
| #define __STDC_WANT_IEC_60559_TYPES_EXT__ 1
| #define __STDC_WANT_LIB_EXT2__ 1
| #define __STDC_WANT_MATH_SPEC_FUNCS__ 1
| #define _TANDEM_SOURCE 1
| #define __EXTENSIONS__ 1
| #define HAVE_PTHREAD_PRIO_INHERIT 1
| #define HAVE_PTHREAD 1
| #define HAVE_C_VARARRAYS 1
| /* end confdefs.h.  */
| 
| 
| int
| main (void)
| {
| 
|                 #ifndef _FORTIFY_SOURCE
|                     return 0;
|                 #else
|                     this_is_an_error;
|                 #endif
| 
| 
|   ;
|   return 0;
| }
configure:7715: result: no
configure:7726: checking whether C compiler accepts -fvisibility=hidden
configure:7747: /usr/bin/cc -o conftest -g -O2 -pthread  -fvisibility=hidden   conftest.c -lpthread  >&5
configure:7747: $? = 0
configure:7757: result: yes
configure:7772: checking whether C compiler accepts -fPIC
configure:7793: /usr/bin/cc -o conftest -g -O2 -pthread -fvisibility=hidden  -fPIC   conftest.c -lpthread  >&5
configure:7793: $? = 0
configure:7803: result: yes
configure:7818: checking whether C compiler accepts -fPIE
configure:7839: /usr/bin/cc -o conftest -g -O2 -pthread -fvisibility=hidden -fPIC  -fPIE   conftest.c -lpthread  >&5
configure:7839: $? = 0
configure:7849: result: yes
configure:7854: checking whether the linker accepts -pie
configure:7874: /usr/bin/cc -o conftest -g -O2 -pthread -fvisibility=hidden -fPIC    -pie conftest.c -lpthread  >&5
configure:7874: $? = 0
configure:7884: result: yes
configure:7904: checking whether C compiler accepts -fno-strict-aliasing
configure:7925: /usr/bin/cc -o conftest -g -O2 -pthread -fvisibility=hidden -fPIC -fPIE  -fno-strict-aliasing   -pie conftest.c -lpthread  >&5
configure:7925: $? = 0
configure:7935: result: yes
configure:7944: checking whether C compiler accepts -fno-strict-overflow
configure:7965: /usr/bin/cc -o conftest -g -O2 -pthread -fvisibility=hidden -fPIC -fPIE -fno-strict-aliasing  -fno-strict-overflow   -pie conftest.c -lpthread  >&5
configure:7965: $? = 0
configure:7975: result: yes
configure:8041: /usr/bin/cc -c -g -O2 -pthread -fvisibility=hidden -fPIC -fPIE -fno-strict-aliasing -fno-strict-overflow  conftest.c >&5
configure:8041: $? = 0
configure:8298: checking whether C compiler accepts -fstack-protector
configure:8319: /usr/bin/cc -o conftest -g -O2 -pthread -fvisibility=hidden -fPIC -fPIE -fno-strict-aliasing -fno-strict-overflow  -fstack-protector   -pie conftest.c -lpthread  >&5
configure:8319: $? = 0
configure:8329: result: yes
configure:8334: checking whether the linker accepts -fstack-protector
configure:8354: /usr/bin/cc -o conftest -g -O2 -pthread -fvisibility=hidden -fPIC -fPIE -fno-strict-aliasing -fno-strict-overflow   -pie  -fstack-protector conftest.c -lpthread  >&5
configure:8354: $? = 0
configure:8364: result: yes
configure:8389: checking whether C compiler accepts -g -O2 -pthread -fvisibility=hidden -fPIC -fPIE -fno-strict-aliasing -fno-strict-overflow -fstack-protector -Wall
configure:8410: /usr/bin/cc -o conftest -g -O2 -pthread -fvisibility=hidden -fPIC -fPIE -fno-strict-aliasing -fno-strict-overflow -fstack-protector  -g -O2 -pthread -fvisibility=hidden -fPIC -fPIE -fno-strict-aliasing -fno-strict-overflow -fstack-protector -Wall   -pie conftest.c -lpthread  >&5
configure:8410: $? = 0
configure:8421: result: yes
configure:8431: checking whether C compiler accepts -g -O2 -pthread -fvisibility=hidden -fPIC -fPIE -fno-strict-aliasing -fno-strict-overflow -fstack-protector -Wextra
configure:8452: /usr/bin/cc -o conftest -g -O2 -pthread -fvisibility=hidden -fPIC -fPIE -fno-strict-aliasing -fno-strict-overflow -fstack-protector  -g -O2 -pthread -fvisibility=hidden -fPIC -fPIE -fno-strict-aliasing -fno-strict-overflow -fstack-protector -Wextra   -pie conftest.c -lpthread  >&5
configure:8452: $? = 0
configure:8463: result: yes
configure:8473: checking for clang
configure:8490: /usr/bin/cc -c -g -O2 -pthread -fvisibility=hidden -fPIC -fPIE -fno-strict-aliasing -fno-strict-overflow -fstack-protector  conftest.c >&5
conftest.c: In function 'main':
conftest.c:47:2: error: #error Not clang
   47 | #error Not clang
      |  ^~~~~
configure:8490: $? = 1
configure: failed program was:
| /* confdefs.h */
| #define PACKAGE_NAME "libsodium"
| #define PACKAGE_TARNAME "libsodium"
| #define PACKAGE_VERSION "1.0.18"
| #define PACKAGE_STRING "libsodium 1.0.18"
| #define PACKAGE_BUGREPORT "https://github.com/jedisct1/libsodium/issues"
| #define PACKAGE_URL "https://libsodium.org"
| #define PACKAGE "libsodium"
| #define VERSION "1.0.18"
| #define HAVE_STDIO_H 1
| #define HAVE_STDLIB_H 1
| #define HAVE_STRING_H 1
| #define HAVE_INTTYPES_H 1
| #define HAVE_STDINT_H 1
| #define HAVE_STRINGS_H 1
| #define HAVE_SYS_STAT_H 1
| #define HAVE_SYS_TYPES_H 1
| #define HAVE_UNISTD_H 1
| #define HAVE_WCHAR_H 1
| #define STDC_HEADERS 1
| #define _ALL_SOURCE 1
| #define _DARWIN_C_SOURCE 1
| #define _GNU_SOURCE 1
| #define _HPUX_ALT_XOPEN_SOCKET_API 1
| #define _NETBSD_SOURCE 1
| #define _OPENBSD_SOURCE 1
| #define _POSIX_PTHREAD_SEMANTICS 1
| #define __STDC_WANT_IEC_60559_ATTRIBS_EXT__ 1
| #define __STDC_WANT_IEC_60559_BFP_EXT__ 1
| #define __STDC_WANT_IEC_60559_DFP_EXT__ 1
| #define __STDC_WANT_IEC_60559_FUNCS_EXT__ 1
| #define __STDC_WANT_IEC_60559_TYPES_EXT__ 1
| #define __STDC_WANT_LIB_EXT2__ 1
| #define __STDC_WANT_MATH_SPEC_FUNCS__ 1
| #define _TANDEM_SOURCE 1
| #define __EXTENSIONS__ 1
| #define HAVE_PTHREAD_PRIO_INHERIT 1
| #define HAVE_PTHREAD 1
| #define HAVE_C_VARARRAYS 1
| /* end confdefs.h.  */
| 
| int
| main (void)
| {
| 
| #ifndef __clang__
| #error Not clang
| #endif
| 
|   ;
|   return 0;
| }
configure:8538: result: no
configure:8545: checking whether C compiler accepts -g -O2 -pthread -fvisibility=hidden -fPIC -fPIE -fno-strict-aliasing -fno-strict-overflow -fstack-protector -Wextra -Warray-bounds
configure:8566: /usr/bin/cc -o conftest -g -O2 -pthread -fvisibility=hidden -fPIC -fPIE -fno-strict-aliasing -fno-strict-overflow -fstack-protector  -g -O2 -pthread -fvisibility=hidden -fPIC -fPIE -fno-strict-aliasing -fno-strict-overflow -fstack-protector -Wextra -Warray-bounds   -pie conftest.c -lpthread  >&5
configure:8566: $? = 0
configure:8577: result: yes
configure:8587: checking whether C compiler accepts -g -O2 -pthread -fvisibility=hidden -fPIC -fPIE -fno-strict-aliasing -fno-strict-overflow -fstack-protector -Wextra -Warray-bounds -Wbad-function-cast
configure:8608: /usr/bin/cc -o conftest -g -O2 -pthread -fvisibility=hidden -fPIC -fPIE -fno-strict-aliasing -fno-strict-overflow -fstack-protector  -g -O2 -pthread -fvisibility=hidden -fPIC -fPIE -fno-strict-aliasing -fno-strict-overflow -fstack-protector -Wextra -Warray-bounds -Wbad-function-cast   -pie conftest.c -lpthread  >&5
configure:8608: $? = 0
configure:8619: result: yes
configure:8629: checking whether C compiler accepts -g -O2 -pthread -fvisibility=hidden -fPIC -fPIE -fno-strict-aliasing -fno-strict-overflow -fstack-protector -Wextra -Warray-bounds -Wbad-function-cast -Wcast-qual
configure:8650: /usr/bin/cc -o conftest -g -O2 -pthread -fvisibility=hidden -fPIC -fPIE -fno-strict-aliasing -fno-strict-overflow -fstack-protector  -g -O2 -pthread -fvisibility=hidden -fPIC -fPIE -fno-strict-aliasing -fno-strict-overflow -fstack-protector -Wextra -Warray-bounds -Wbad-function-cast -Wcast-qual   -pie conftest.c -lpthread  >&5
configure:8650: $? = 0
configure:8661: result: yes
configure:8671: checking whether C compiler accepts -g -O2 -pthread -fvisibility=hidden -fPIC -fPIE -fno-strict-aliasing -fno-strict-overflow -fstack-protector -Wextra -Warray-bounds -Wbad-function-cast -Wcast-qual -Wdiv-by-zero
configure:8692: /usr/bin/cc -o conftest -g -O2 -pthread -fvisibility=hidden -fPIC -fPIE -fno-strict-aliasing -fno-strict-overflow -fstack-protector  -g -O2 -pthread -fvisibility=hidden -fPIC -fPIE -fno-strict-aliasing -fno-strict-overflow -fstack-protector -Wextra -Warray-bounds -Wbad-function-cast -Wcast-qual -Wdiv-by-zero   -pie conftest.c -lpthread  >&5
configure:8692: $? = 0
configure:8703: result: yes
configure:8713: checking whether C compiler accepts -g -O2 -pthread -fvisibility=hidden -fPIC -fPIE -fno-strict-aliasing -fno-strict-overflow -fstack-protector -Wextra -Warray-bounds -Wbad-function-cast -Wcast-qual -Wdiv-by-zero -Wduplicated-branches
configure:8734: /usr/bin/cc -o conftest -g -O2 -pthread -fvisibility=hidden -fPIC -fPIE -fno-strict-aliasing -fno-strict-overflow -fstack-protector  -g -O2 -pthread -fvisibility=hidden -fPIC -fPIE -fno-strict-aliasing -fno-strict-overflow -fstack-protector -Wextra -Warray-bounds -Wbad-function-cast -Wcast-qual -Wdiv-by-zero -Wduplicated-branches   -pie conftest.c -lpthread  >&5
configure:8734: $? = 0
configure:8745: result: yes
configure:8755: checking whether C compiler accepts -g -O2 -pthread -fvisibility=hidden -fPIC -fPIE -fno-strict-aliasing -fno-strict-overflow -fstack-protector -Wextra -Warray-bounds -Wbad-function-cast -Wcast-qual -Wdiv-by-zero -Wduplicated-branches -Wduplicated-cond
configure:8776: /usr/bin/cc -o conftest -g -O2 -pthread -fvisibility=hidden -fPIC -fPIE -fno-strict-aliasing -fno-strict-overflow -fstack-protector  -g -O2 -pthread -fvisibility=hidden -fPIC -fPIE -fno-strict-aliasing -fno-strict-overflow -fstack-protector -Wextra -Warray-bounds -Wbad-function-cast -Wcast-qual -Wdiv-by-zero -Wduplicated-branches -Wduplicated-cond   -pie conftest.c -lpthread  >&5
configure:8776: $? = 0
configure:8787: result: yes
configure:8797: checking whether C compiler accepts -g -O2 -pthread -fvisibility=hidden -fPIC -fPIE -fno-strict-aliasing -fno-strict-overflow -fstack-protector -Wextra -Warray-bounds -Wbad-function-cast -Wcast-qual -Wdiv-by-zero -Wduplicated-branches -Wduplicated-cond -Wfloat-equal
configure:8818: /usr/bin/cc -o conftest -g -O2 -pthread -fvisibility=hidden -fPIC -fPIE -fno-strict-aliasing -fno-strict-overflow -fstack-protector  -g -O2 -pthread -fvisibility=hidden -fPIC -fPIE -fno-strict-aliasing -fno-strict-overflow -fstack-protector -Wextra -Warray-bounds -Wbad-function-cast -Wcast-qual -Wdiv-by-zero -Wduplicated-branches -Wduplicated-cond -Wfloat-equal   -pie conftest.c -lpthread  >&5
configure:8818: $? = 0
configure:8829: result: yes
configure:8839: checking whether C compiler accepts -g -O2 -pthread -fvisibility=hidden -fPIC -fPIE -fno-strict-aliasing -fno-strict-overflow -fstack-protector -Wextra -Warray-bounds -Wbad-function-cast -Wcast-qual -Wdiv-by-zero -Wduplicated-branches -Wduplicated-cond -Wfloat-equal -Wformat=2
configure:8860: /usr/bin/cc -o conftest -g -O2 -pthread -fvisibility=hidden -fPIC -fPIE -fno-strict-aliasing -fno-strict-overflow -fstack-protector  -g -O2 -pthread -fvisibility=hidden -fPIC -fPIE -fno-strict-aliasing -fno-strict-overflow -fstack-protector -Wextra -Warray-bounds -Wbad-function-cast -Wcast-qual -Wdiv-by-zero -Wduplicated-branches -Wduplicated-cond -Wfloat-equal -Wformat=2   -pie conftest.c -lpthread  >&5
configure:8860: $? = 0
configure:8871: result: yes
configure:8881: checking whether C compiler accepts -g -O2 -pthread -fvisibility=hidden -fPIC -fPIE -fno-strict-aliasing -fno-strict-overflow -fstack-protector -Wextra -Warray-bounds -Wbad-function-cast -Wcast-qual -Wdiv-by-zero -Wduplicated-branches -Wduplicated-cond -Wfloat-equal -Wformat=2 -Wlogical-op
configure:8902: /usr/bin/cc -o conftest -g -O2 -pthread -fvisibility=hidden -fPIC -fPIE -fno-strict-aliasing -fno-strict-overflow -fstack-protector  -g -O2 -pthread -fvisibility=hidden -fPIC -fPIE -fno-strict-aliasing -fno-strict-overflow -fstack-protector -Wextra -Warray-bounds -Wbad-function-cast -Wcast-qual -Wdiv-by-zero -Wduplicated-branches -Wduplicated-cond -Wfloat-equal -Wformat=2 -Wlogical-op   -pie conftest.c -lpthread  >&5
configure:8902: $? = 0
configure:8913: result: yes
configure:8923: checking whether C compiler accepts -g -O2 -pthread -fvisibility=hidden -fPIC -fPIE -fno-strict-aliasing -fno-strict-overflow -fstack-protector -Wextra -Warray-bounds -Wbad-function-cast -Wcast-qual -Wdiv-by-zero -Wduplicated-branches -Wduplicated-cond -Wfloat-equal -Wformat=2 -Wlogical-op -Wmaybe-uninitialized
configure:8944: /usr/bin/cc -o conftest -g -O2 -pthread -fvisibility=hidden -fPIC -fPIE -fno-strict-aliasing -fno-strict-overflow -fstack-protector  -g -O2 -pthread -fvisibility=hidden -fPIC -fPIE -fno-strict-aliasing -fno-strict-overflow -fstack-protector -Wextra -Warray-bounds -Wbad-function-cast -Wcast-qual -Wdiv-by-zero -Wduplicated-branches -Wduplicated-cond -Wfloat-equal -Wformat=2 -Wlogical-op -Wmaybe-uninitialized   -pie conftest.c -lpthread  >&5
configure:8944: $? = 0
configure:8955: result: yes
configure:8965: checking whether C compiler accepts -g -O2 -pthread -fvisibility=hidden -fPIC -fPIE -fno-strict-aliasing -fno-strict-overflow -fstack-protector -Wextra -Warray-bounds -Wbad-function-cast -Wcast-qual -Wdiv-by-zero -Wduplicated-branches -Wduplicated-cond -Wfloat-equal -Wformat=2 -Wlogical-op -Wmaybe-uninitialized -Wmisleading-indentation
configure:8986: /usr/bin/cc -o conftest -g -O2 -pthread -fvisibility=hidden -fPIC -fPIE -fno-strict-aliasing -fno-strict-overflow -fstack-protector  -g -O2 -pthread -fvisibility=hidden -fPIC -fPIE -fno-strict-aliasing -fno-strict-overflow -fstack-protector -Wextra -Warray-bounds -Wbad-function-cast -Wcast-qual -Wdiv-by-zero -Wduplicated-branches -Wduplicated-cond -Wfloat-equal -Wformat=2 -Wlogical-op -Wmaybe-uninitialized -Wmisleading-indentation   -pie conftest.c -lpthread  >&5
configure:8986: $? = 0
configure:8997: result: yes
configure:9007: checking whether C compiler accepts -g -O2 -pthread -fvisibility=hidden -fPIC -fPIE -fno-strict-aliasing -fno-strict-overflow -fstack-protector -Wextra -Warray-bounds -Wbad-function-cast -Wcast-qual -Wdiv-by-zero -Wduplicated-branches -Wduplicated-cond -Wfloat-equal -Wformat=2 -Wlogical-op -Wmaybe-uninitialized -Wmisleading-indentation -Wmissing-declarations
configure:9028: /usr/bin/cc -o conftest -g -O2 -pthread -fvisibility=hidden -fPIC -fPIE -fno-strict-aliasing -fno-strict-overflow -fstack-protector  -g -O2 -pthread -fvisibility=hidden -fPIC -fPIE -fno-strict-aliasing -fno-strict-overflow -fstack-protector -Wextra -Warray-bounds -Wbad-function-cast -Wcast-qual -Wdiv-by-zero -Wduplicated-branches -Wduplicated-cond -Wfloat-equal -Wformat=2 -Wlogical-op -Wmaybe-uninitialized -Wmisleading-indentation -Wmissing-declarations   -pie conftest.c -lpthread  >&5
configure:9028: $? = 0
configure:9039: result: yes
configure:9049: checking whether C compiler accepts -g -O2 -pthread -fvisibility=hidden -fPIC -fPIE -fno-strict-aliasing -fno-strict-overflow -fstack-protector -Wextra -Warray-bounds -Wbad-function-cast -Wcast-qual -Wdiv-by-zero -Wduplicated-branches -Wduplicated-cond -Wfloat-equal -Wformat=2 -Wlogical-op -Wmaybe-uninitialized -Wmisleading-indentation -Wmissing-declarations -Wmissing-prototypes
configure:9070: /usr/bin/cc -o conftest -g -O2 -pthread -fvisibility=hidden -fPIC -fPIE -fno-strict-aliasing -fno-strict-overflow -fstack-protector  -g -O2 -pthread -fvisibility=hidden -fPIC -fPIE -fno-strict-aliasing -fno-strict-overflow -fstack-protector -Wextra -Warray-bounds -Wbad-function-cast -Wcast-qual -Wdiv-by-zero -Wduplicated-branches -Wduplicated-cond -Wfloat-equal -Wformat=2 -Wlogical-op -Wmaybe-uninitialized -Wmisleading-indentation -Wmissing-declarations -Wmissing-prototypes   -pie conftest.c -lpthread  >&5
configure:9070: $? = 0
configure:9081: result: yes
configure:9091: checking whether C compiler accepts -g -O2 -pthread -fvisibility=hidden -fPIC -fPIE -fno-strict-aliasing -fno-strict-overflow -fstack-protector -Wextra -Warray-bounds -Wbad-function-cast -Wcast-qual -Wdiv-by-zero -Wduplicated-branches -Wduplicated-cond -Wfloat-equal -Wformat=2 -Wlogical-op -Wmaybe-uninitialized -Wmisleading-indentation -Wmissing-declarations -Wmissing-prototypes -Wnested-externs
configure:9112: /usr/bin/cc -o conftest -g -O2 -pthread -fvisibility=hidden -fPIC -fPIE -fno-strict-aliasing -fno-strict-overflow -fstack-protector  -g -O2 -pthread -fvisibility=hidden -fPIC -fPIE -fno-strict-aliasing -fno-strict-overflow -fstack-protector -Wextra -Warray-bounds -Wbad-function-cast -Wcast-qual -Wdiv-by-zero -Wduplicated-branches -Wduplicated-cond -Wfloat-equal -Wformat=2 -Wlogical-op -Wmaybe-uninitialized -Wmisleading-indentation -Wmissing-declarations -Wmissing-prototypes -Wnested-externs   -pie conftest.c -lpthread  >&5
configure:9112: $? = 0
configure:9123: result: yes
configure:9133: checking whether C compiler accepts -g -O2 -pthread -fvisibility=hidden -fPIC -fPIE -fno-strict-aliasing -fno-strict-overflow -fstack-protector -Wextra -Warray-bounds -Wbad-function-cast -Wcast-qual -Wdiv-by-zero -Wduplicated-branches -Wduplicated-cond -Wfloat-equal -Wformat=2 -Wlogical-op -Wmaybe-uninitialized -Wmisleading-indentation -Wmissing-declarations -Wmissing-prototypes -Wnested-externs -Wno-type-limits
configure:9154: /usr/bin/cc -o conftest -g -O2 -pthread -fvisibility=hidden -fPIC -fPIE -fno-strict-aliasing -fno-strict-overflow -fstack-protector  -g -O2 -pthread -fvisibility=hidden -fPIC -fPIE -fno-strict-aliasing -fno-strict-overflow -fstack-protector -Wextra -Warray-bounds -Wbad-function-cast -Wcast-qual -Wdiv-by-zero -Wduplicated-branches -Wduplicated-cond -Wfloat-equal -Wformat=2 -Wlogical-op -Wmaybe-uninitialized -Wmisleading-indentation -Wmissing-declarations -Wmissing-prototypes -Wnested-externs -Wno-type-limits   -pie conftest.c -lpthread  >&5
configure:9154: $? = 0
configure:9165: result: yes
configure:9175: checking whether C compiler accepts -g -O2 -pthread -fvisibility=hidden -fPIC -fPIE -fno-strict-aliasing -fno-strict-overflow -fstack-protector -Wextra -Warray-bounds -Wbad-function-cast -Wcast-qual -Wdiv-by-zero -Wduplicated-branches -Wduplicated-cond -Wfloat-equal -Wformat=2 -Wlogical-op -Wmaybe-uninitialized -Wmisleading-indentation -Wmissing-declarations -Wmissing-prototypes -Wnested-externs -Wno-type-limits -Wno-unknown-pragmas
configure:9196: /usr/bin/cc -o conftest -g -O2 -pthread -fvisibility=hidden -fPIC -fPIE -fno-strict-aliasing -fno-strict-overflow -fstack-protector  -g -O2 -pthread -fvisibility=hidden -fPIC -fPIE -fno-strict-aliasing -fno-strict-overflow -fstack-protector -Wextra -Warray-bounds -Wbad-function-cast -Wcast-qual -Wdiv-by-zero -Wduplicated-branches -Wduplicated-cond -Wfloat-equal -Wformat=2 -Wlogical-op -Wmaybe-uninitialized -Wmisleading-indentation -Wmissing-declarations -Wmissing-prototypes -Wnested-externs -Wno-type-limits -Wno-unknown-pragmas   -pie conftest.c -lpthread  >&5
configure:9196: $? = 0
configure:9207: result: yes
configure:9217: checking whether C compiler accepts -g -O2 -pthread -fvisibility=hidden -fPIC -fPIE -fno-strict-aliasing -fno-strict-overflow -fstack-protector -Wextra -Warray-bounds -Wbad-function-cast -Wcast-qual -Wdiv-by-zero -Wduplicated-branches -Wduplicated-cond -Wfloat-equal -Wformat=2 -Wlogical-op -Wmaybe-uninitialized -Wmisleading-indentation -Wmissing-declarations -Wmissing-prototypes -Wnested-externs -Wno-type-limits -Wno-unknown-pragmas -Wnormalized=id
configure:9238: /usr/bin/cc -o conftest -g -O2 -pthread -fvisibility=hidden -fPIC -fPIE -fno-strict-aliasing -fno-strict-overflow -fstack-protector  -g -O2 -pthread -fvisibility=hidden -fPIC -fPIE -fno-strict-aliasing -fno-strict-overflow -fstack-protector -Wextra -Warray-bounds -Wbad-function-cast -Wcast-qual -Wdiv-by-zero -Wduplicated-branches -Wduplicated-cond -Wfloat-equal -Wformat=2 -Wlogical-op -Wmaybe-uninitialized -Wmisleading-indentation -Wmissing-declarations -Wmissing-prototypes -Wnested-externs -Wno-type-limits -Wno-unknown-pragmas -Wnormalized=id   -pie conftest.c -lpthread  >&5
configure:9238: $? = 0
configure:9249: result: yes
configure:9259: checking whether C compiler accepts -g -O2 -pthread -fvisibility=hidden -fPIC -fPIE -fno-strict-aliasing -fno-strict-overflow -fstack-protector -Wextra -Warray-bounds -Wbad-function-cast -Wcast-qual -Wdiv-by-zero -Wduplicated-branches -Wduplicated-cond -Wfloat-equal -Wformat=2 -Wlogical-op -Wmaybe-uninitialized -Wmisleading-indentation -Wmissing-declarations -Wmissing-prototypes -Wnested-externs -Wno-type-limits -Wno-unknown-pragmas -Wnormalized=id -Wnull-dereference
configure:9280: /usr/bin/cc -o conftest -g -O2 -pthread -fvisibility=hidden -fPIC -fPIE -fno-strict-aliasing -fno-strict-overflow -fstack-protector  -g -O2 -pthread -fvisibility=hidden -fPIC -fPIE -fno-strict-aliasing -fno-strict-overflow -fstack-protector -Wextra -Warray-bounds -Wbad-function-cast -Wcast-qual -Wdiv-by-zero -Wduplicated-branches -Wduplicated-cond -Wfloat-equal -Wformat=2 -Wlogical-op -Wmaybe-uninitialized -Wmisleading-indentation -Wmissing-declarations -Wmissing-prototypes -Wnested-externs -Wno-type-limits -Wno-unknown-pragmas -Wnormalized=id -Wnull-dereference   -pie conftest.c -lpthread  >&5
configure:9280: $? = 0
configure:9291: result: yes
configure:9301: checking whether C compiler accepts -g -O2 -pthread -fvisibility=hidden -fPIC -fPIE -fno-strict-aliasing -fno-strict-overflow -fstack-protector -Wextra -Warray-bounds -Wbad-function-cast -Wcast-qual -Wdiv-by-zero -Wduplicated-branches -Wduplicated-cond -Wfloat-equal -Wformat=2 -Wlogical-op -Wmaybe-uninitialized -Wmisleading-indentation -Wmissing-declarations -Wmissing-prototypes -Wnested-externs -Wno-type-limits -Wno-unknown-pragmas -Wnormalized=id -Wnull-dereference -Wold-style-declaration
configure:9322: /usr/bin/cc -o conftest -g -O2 -pthread -fvisibility=hidden -fPIC -fPIE -fno-strict-aliasing -fno-strict-overflow -fstack-protector  -g -O2 -pthread -fvisibility=hidden -fPIC -fPIE -fno-strict-aliasing -fno-strict-overflow -fstack-protector -Wextra -Warray-bounds -Wbad-function-cast -Wcast-qual -Wdiv-by-zero -Wduplicated-branches -Wduplicated-cond -Wfloat-equal -Wformat=2 -Wlogical-op -Wmaybe-uninitialized -Wmisleading-indentation -Wmissing-declarations -Wmissing-prototypes -Wnested-externs -Wno-type-limits -Wno-unknown-pragmas -Wnormalized=id -Wnull-dereference -Wold-style-declaration   -pie conftest.c -lpthread  >&5
configure:9322: $? = 0
configure:9333: result: yes
configure:9343: checking whether C compiler accepts -g -O2 -pthread -fvisibility=hidden -fPIC -fPIE -fno-strict-aliasing -fno-strict-overflow -fstack-protector -Wextra -Warray-bounds -Wbad-function-cast -Wcast-qual -Wdiv-by-zero -Wduplicated-branches -Wduplicated-cond -Wfloat-equal -Wformat=2 -Wlogical-op -Wmaybe-uninitialized -Wmisleading-indentation -Wmissing-declarations -Wmissing-prototypes -Wnested-externs -Wno-type-limits -Wno-unknown-pragmas -Wnormalized=id -Wnull-dereference -Wold-style-declaration -Wpointer-arith
configure:9364: /usr/bin/cc -o conftest -g -O2 -pthread -fvisibility=hidden -fPIC -fPIE -fno-strict-aliasing -fno-strict-overflow -fstack-protector  -g -O2 -pthread -fvisibility=hidden -fPIC -fPIE -fno-strict-aliasing -fno-strict-overflow -fstack-protector -Wextra -Warray-bounds -Wbad-function-cast -Wcast-qual -Wdiv-by-zero -Wduplicated-branches -Wduplicated-cond -Wfloat-equal -Wformat=2 -Wlogical-op -Wmaybe-uninitialized -Wmisleading-indentation -Wmissing-declarations -Wmissing-prototypes -Wnested-externs -Wno-type-limits -Wno-unknown-pragmas -Wnormalized=id -Wnull-dereference -Wold-style-declaration -Wpointer-arith   -pie conftest.c -lpthread  >&5
configure:9364: $? = 0
configure:9375: result: yes
configure:9385: checking whether C compiler accepts -g -O2 -pthread -fvisibility=hidden -fPIC -fPIE -fno-strict-aliasing -fno-strict-overflow -fstack-protector -Wextra -Warray-bounds -Wbad-function-cast -Wcast-qual -Wdiv-by-zero -Wduplicated-branches -Wduplicated-cond -Wfloat-equal -Wformat=2 -Wlogical-op -Wmaybe-uninitialized -Wmisleading-indentation -Wmissing-declarations -Wmissing-prototypes -Wnested-externs -Wno-type-limits -Wno-unknown-pragmas -Wnormalized=id -Wnull-dereference -Wold-style-declaration -Wpointer-arith -Wredundant-decls
configure:9406: /usr/bin/cc -o conftest -g -O2 -pthread -fvisibility=hidden -fPIC -fPIE -fno-strict-aliasing -fno-strict-overflow -fstack-protector  -g -O2 -pthread -fvisibility=hidden -fPIC -fPIE -fno-strict-aliasing -fno-strict-overflow -fstack-protector -Wextra -Warray-bounds -Wbad-function-cast -Wcast-qual -Wdiv-by-zero -Wduplicated-branches -Wduplicated-cond -Wfloat-equal -Wformat=2 -Wlogical-op -Wmaybe-uninitialized -Wmisleading-indentation -Wmissing-declarations -Wmissing-prototypes -Wnested-externs -Wno-type-limits -Wno-unknown-pragmas -Wnormalized=id -Wnull-dereference -Wold-style-declaration -Wpointer-arith -Wredundant-decls   -pie conftest.c -lpthread  >&5
configure:9406: $? = 0
configure:9417: result: yes
configure:9427: checking whether C compiler accepts -g -O2 -pthread -fvisibility=hidden -fPIC -fPIE -fno-strict-aliasing -fno-strict-overflow -fstack-protector -Wextra -Warray-bounds -Wbad-function-cast -Wcast-qual -Wdiv-by-zero -Wduplicated-branches -Wduplicated-cond -Wfloat-equal -Wformat=2 -Wlogical-op -Wmaybe-uninitialized -Wmisleading-indentation -Wmissing-declarations -Wmissing-prototypes -Wnested-externs -Wno-type-limits -Wno-unknown-pragmas -Wnormalized=id -Wnull-dereference -Wold-style-declaration -Wpointer-arith -Wredundant-decls -Wrestrict
configure:9448: /usr/bin/cc -o conftest -g -O2 -pthread -fvisibility=hidden -fPIC -fPIE -fno-strict-aliasing -fno-strict-overflow -fstack-protector  -g -O2 -pthread -fvisibility=hidden -fPIC -fPIE -fno-strict-aliasing -fno-strict-overflow -fstack-protector -Wextra -Warray-bounds -Wbad-function-cast -Wcast-qual -Wdiv-by-zero -Wduplicated-branches -Wduplicated-cond -Wfloat-equal -Wformat=2 -Wlogical-op -Wmaybe-uninitialized -Wmisleading-indentation -Wmissing-declarations -Wmissing-prototypes -Wnested-externs -Wno-type-limits -Wno-unknown-pragmas -Wnormalized=id -Wnull-dereference -Wold-style-declaration -Wpointer-arith -Wredundant-decls -Wrestrict   -pie conftest.c -lpthread  >&5
configure:9448: $? = 0
configure:9459: result: yes
configure:9469: checking whether C compiler accepts -g -O2 -pthread -fvisibility=hidden -fPIC -fPIE -fno-strict-aliasing -fno-strict-overflow -fstack-protector -Wextra -Warray-bounds -Wbad-function-cast -Wcast-qual -Wdiv-by-zero -Wduplicated-branches -Wduplicated-cond -Wfloat-equal -Wformat=2 -Wlogical-op -Wmaybe-uninitialized -Wmisleading-indentation -Wmissing-declarations -Wmissing-prototypes -Wnested-externs -Wno-type-limits -Wno-unknown-pragmas -Wnormalized=id -Wnull-dereference -Wold-style-declaration -Wpointer-arith -Wredundant-decls -Wrestrict -Wshorten-64-to-32
configure:9490: /usr/bin/cc -o conftest -g -O2 -pthread -fvisibility=hidden -fPIC -fPIE -fno-strict-aliasing -fno-strict-overflow -fstack-protector  -g -O2 -pthread -fvisibility=hidden -fPIC -fPIE -fno-strict-aliasing -fno-strict-overflow -fstack-protector -Wextra -Warray-bounds -Wbad-function-cast -Wcast-qual -Wdiv-by-zero -Wduplicated-branches -Wduplicated-cond -Wfloat-equal -Wformat=2 -Wlogical-op -Wmaybe-uninitialized -Wmisleading-indentation -Wmissing-declarations -Wmissing-prototypes -Wnested-externs -Wno-type-limits -Wno-unknown-pragmas -Wnormalized=id -Wnull-dereference -Wold-style-declaration -Wpointer-arith -Wredundant-decls -Wrestrict -Wshorten-64-to-32   -pie conftest.c -lpthread  >&5
cc: error: unrecognized command-line option '-Wshorten-64-to-32'
configure:9490: $? = 1
configure: failed program was:
| /* confdefs.h */
| #define PACKAGE_NAME "libsodium"
| #define PACKAGE_TARNAME "libsodium"
| #define PACKAGE_VERSION "1.0.18"
| #define PACKAGE_STRING "libsodium 1.0.18"
| #define PACKAGE_BUGREPORT "https://github.com/jedisct1/libsodium/issues"
| #define PACKAGE_URL "https://libsodium.org"
| #define PACKAGE "libsodium"
| #define VERSION "1.0.18"
| #define HAVE_STDIO_H 1
| #define HAVE_STDLIB_H 1
| #define HAVE_STRING_H 1
| #define HAVE_INTTYPES_H 1
| #define HAVE_STDINT_H 1
| #define HAVE_STRINGS_H 1
| #define HAVE_SYS_STAT_H 1
| #define HAVE_SYS_TYPES_H 1
| #define HAVE_UNISTD_H 1
| #define HAVE_WCHAR_H 1
| #define STDC_HEADERS 1
| #define _ALL_SOURCE 1
| #define _DARWIN_C_SOURCE 1
| #define _GNU_SOURCE 1
| #define _HPUX_ALT_XOPEN_SOCKET_API 1
| #define _NETBSD_SOURCE 1
| #define _OPENBSD_SOURCE 1
| #define _POSIX_PTHREAD_SEMANTICS 1
| #define __STDC_WANT_IEC_60559_ATTRIBS_EXT__ 1
| #define __STDC_WANT_IEC_60559_BFP_EXT__ 1
| #define __STDC_WANT_IEC_60559_DFP_EXT__ 1
| #define __STDC_WANT_IEC_60559_FUNCS_EXT__ 1
| #define __STDC_WANT_IEC_60559_TYPES_EXT__ 1
| #define __STDC_WANT_LIB_EXT2__ 1
| #define __STDC_WANT_MATH_SPEC_FUNCS__ 1
| #define _TANDEM_SOURCE 1
| #define __EXTENSIONS__ 1
| #define HAVE_PTHREAD_PRIO_INHERIT 1
| #define HAVE_PTHREAD 1
| #define HAVE_C_VARARRAYS 1
| /* end confdefs.h.  */
| #include <time.h>
| int
| main (void)
| {
| time_t x; int fodder = 0; if (fodder > -1000 && time(&x)) return (int) x
| 
|   ;
|   return 0;
| }
configure:9501: result: no
configure:9511: checking whether C compiler accepts -g -O2 -pthread -fvisibility=hidden -fPIC -fPIE -fno-strict-aliasing -fno-strict-overflow -fstack-protector -Wextra -Warray-bounds -Wbad-function-cast -Wcast-qual -Wdiv-by-zero -Wduplicated-branches -Wduplicated-cond -Wfloat-equal -Wformat=2 -Wlogical-op -Wmaybe-uninitialized -Wmisleading-indentation -Wmissing-declarations -Wmissing-prototypes -Wnested-externs -Wno-type-limits -Wno-unknown-pragmas -Wnormalized=id -Wnull-dereference -Wold-style-declaration -Wpointer-arith -Wredundant-decls -Wrestrict -Wsometimes-uninitialized
configure:9532: /usr/bin/cc -o conftest -g -O2 -pthread -fvisibility=hidden -fPIC -fPIE -fno-strict-aliasing -fno-strict-overflow -fstack-protector  -g -O2 -pthread -fvisibility=hidden -fPIC -fPIE -fno-strict-aliasing -fno-strict-overflow -fstack-protector -Wextra -Warray-bounds -Wbad-function-cast -Wcast-qual -Wdiv-by-zero -Wduplicated-branches -Wduplicated-cond -Wfloat-equal -Wformat=2 -Wlogical-op -Wmaybe-uninitialized -Wmisleading-indentation -Wmissing-declarations -Wmissing-prototypes -Wnested-externs -Wno-type-limits -Wno-unknown-pragmas -Wnormalized=id -Wnull-dereference -Wold-style-declaration -Wpointer-arith -Wredundant-decls -Wrestrict -Wsometimes-uninitialized   -pie conftest.c -lpthread  >&5
cc: error: unrecognized command-line option '-Wsometimes-uninitialized'; did you mean '-Wmaybe-uninitialized'?
configure:9532: $? = 1
configure: failed program was:
| /* confdefs.h */
| #define PACKAGE_NAME "libsodium"
| #define PACKAGE_TARNAME "libsodium"
| #define PACKAGE_VERSION "1.0.18"
| #define PACKAGE_STRING "libsodium 1.0.18"
| #define PACKAGE_BUGREPORT "https://github.com/jedisct1/libsodium/issues"
| #define PACKAGE_URL "https://libsodium.org"
| #define PACKAGE "libsodium"
| #define VERSION "1.0.18"
| #define HAVE_STDIO_H 1
| #define HAVE_STDLIB_H 1
| #define HAVE_STRING_H 1
| #define HAVE_INTTYPES_H 1
| #define HAVE_STDINT_H 1
| #define HAVE_STRINGS_H 1
| #define HAVE_SYS_STAT_H 1
| #define HAVE_SYS_TYPES_H 1
| #define HAVE_UNISTD_H 1
| #define HAVE_WCHAR_H 1
| #define STDC_HEADERS 1
| #define _ALL_SOURCE 1
| #define _DARWIN_C_SOURCE 1
| #define _GNU_SOURCE 1
| #define _HPUX_ALT_XOPEN_SOCKET_API 1
| #define _NETBSD_SOURCE 1
| #define _OPENBSD_SOURCE 1
| #define _POSIX_PTHREAD_SEMANTICS 1
| #define __STDC_WANT_IEC_60559_ATTRIBS_EXT__ 1
| #define __STDC_WANT_IEC_60559_BFP_EXT__ 1
| #define __STDC_WANT_IEC_60559_DFP_EXT__ 1
| #define __STDC_WANT_IEC_60559_FUNCS_EXT__ 1
| #define __STDC_WANT_IEC_60559_TYPES_EXT__ 1
| #define __STDC_WANT_LIB_EXT2__ 1
| #define __STDC_WANT_MATH_SPEC_FUNCS__ 1
| #define _TANDEM_SOURCE 1
| #define __EXTENSIONS__ 1
| #define HAVE_PTHREAD_PRIO_INHERIT 1
| #define HAVE_PTHREAD 1
| #define HAVE_C_VARARRAYS 1
| /* end confdefs.h.  */
| #include <time.h>
| int
| main (void)
| {
| time_t x; int fodder = 0; if (fodder > -1000 && time(&x)) return (int) x
| 
|   ;
|   return 0;
| }
configure:9543: result: no
configure:9553: checking whether C compiler accepts -g -O2 -pthread -fvisibility=hidden -fPIC -fPIE -fno-strict-aliasing -fno-strict-overflow -fstack-protector -Wextra -Warray-bounds -Wbad-function-cast -Wcast-qual -Wdiv-by-zero -Wduplicated-branches -Wduplicated-cond -Wfloat-equal -Wformat=2 -Wlogical-op -Wmaybe-uninitialized -Wmisleading-indentation -Wmissing-declarations -Wmissing-prototypes -Wnested-externs -Wno-type-limits -Wno-unknown-pragmas -Wnormalized=id -Wnull-dereference -Wold-style-declaration -Wpointer-arith -Wredundant-decls -Wrestrict -Wstrict-prototypes
configure:9574: /usr/bin/cc -o conftest -g -O2 -pthread -fvisibility=hidden -fPIC -fPIE -fno-strict-aliasing -fno-strict-overflow -fstack-protector  -g -O2 -pthread -fvisibility=hidden -fPIC -fPIE -fno-strict-aliasing -fno-strict-overflow -fstack-protector -Wextra -Warray-bounds -Wbad-function-cast -Wcast-qual -Wdiv-by-zero -Wduplicated-branches -Wduplicated-cond -Wfloat-equal -Wformat=2 -Wlogical-op -Wmaybe-uninitialized -Wmisleading-indentation -Wmissing-declarations -Wmissing-prototypes -Wnested-externs -Wno-type-limits -Wno-unknown-pragmas -Wnormalized=id -Wnull-dereference -Wold-style-declaration -Wpointer-arith -Wredundant-decls -Wrestrict -Wstrict-prototypes   -pie conftest.c -lpthread  >&5
configure:9574: $? = 0
configure:9585: result: yes
configure:9595: checking whether C compiler accepts -g -O2 -pthread -fvisibility=hidden -fPIC -fPIE -fno-strict-aliasing -fno-strict-overflow -fstack-protector -Wextra -Warray-bounds -Wbad-function-cast -Wcast-qual -Wdiv-by-zero -Wduplicated-branches -Wduplicated-cond -Wfloat-equal -Wformat=2 -Wlogical-op -Wmaybe-uninitialized -Wmisleading-indentation -Wmissing-declarations -Wmissing-prototypes -Wnested-externs -Wno-type-limits -Wno-unknown-pragmas -Wnormalized=id -Wnull-dereference -Wold-style-declaration -Wpointer-arith -Wredundant-decls -Wrestrict -Wstrict-prototypes -Wswitch-enum
configure:9616: /usr/bin/cc -o conftest -g -O2 -pthread -fvisibility=hidden -fPIC -fPIE -fno-strict-aliasing -fno-strict-overflow -fstack-protector  -g -O2 -pthread -fvisibility=hidden -fPIC -fPIE -fno-strict-aliasing -fno-strict-overflow -fstack-protector -Wextra -Warray-bounds -Wbad-function-cast -Wcast-qual -Wdiv-by-zero -Wduplicated-branches -Wduplicated-cond -Wfloat-equal -Wformat=2 -Wlogical-op -Wmaybe-uninitialized -Wmisleading-indentation -Wmissing-declarations -Wmissing-prototypes -Wnested-externs -Wno-type-limits -Wno-unknown-pragmas -Wnormalized=id -Wnull-dereference -Wold-style-declaration -Wpointer-arith -Wredundant-decls -Wrestrict -Wstrict-prototypes -Wswitch-enum   -pie conftest.c -lpthread  >&5
configure:9616: $? = 0
configure:9627: result: yes
configure:9637: checking whether C compiler accepts -g -O2 -pthread -fvisibility=hidden -fPIC -fPIE -fno-strict-aliasing -fno-strict-overflow -fstack-protector -Wextra -Warray-bounds -Wbad-function-cast -Wcast-qual -Wdiv-by-zero -Wduplicated-branches -Wduplicated-cond -Wfloat-equal -Wformat=2 -Wlogical-op -Wmaybe-uninitialized -Wmisleading-indentation -Wmissing-declarations -Wmissing-prototypes -Wnested-externs -Wno-type-limits -Wno-unknown-pragmas -Wnormalized=id -Wnull-dereference -Wold-style-declaration -Wpointer-arith -Wredundant-decls -Wrestrict -Wstrict-prototypes -Wswitch-enum -Wvariable-decl
configure:9658: /usr/bin/cc -o conftest -g -O2 -pthread -fvisibility=hidden -fPIC -fPIE -fno-strict-aliasing -fno-strict-overflow -fstack-protector  -g -O2 -pthread -fvisibility=hidden -fPIC -fPIE -fno-strict-aliasing -fno-strict-overflow -fstack-protector -Wextra -Warray-bounds -Wbad-function-cast -Wcast-qual -Wdiv-by-zero -Wduplicated-branches -Wduplicated-cond -Wfloat-equal -Wformat=2 -Wlogical-op -Wmaybe-uninitialized -Wmisleading-indentation -Wmissing-declarations -Wmissing-prototypes -Wnested-externs -Wno-type-limits -Wno-unknown-pragmas -Wnormalized=id -Wnull-dereference -Wold-style-declaration -Wpointer-arith -Wredundant-decls -Wrestrict -Wstrict-prototypes -Wswitch-enum -Wvariable-decl   -pie conftest.c -lpthread  >&5
cc: error: unrecognized command-line option '-Wvariable-decl'
configure:9658: $? = 1
configure: failed program was:
| /* confdefs.h */
| #define PACKAGE_NAME "libsodium"
| #define PACKAGE_TARNAME "libsodium"
| #define PACKAGE_VERSION "1.0.18"
| #define PACKAGE_STRING "libsodium 1.0.18"
| #define PACKAGE_BUGREPORT "https://github.com/jedisct1/libsodium/issues"
| #define PACKAGE_URL "https://libsodium.org"
| #define PACKAGE "libsodium"
| #define VERSION "1.0.18"
| #define HAVE_STDIO_H 1
| #define HAVE_STDLIB_H 1
| #define HAVE_STRING_H 1
| #define HAVE_INTTYPES_H 1
| #define HAVE_STDINT_H 1
| #define HAVE_STRINGS_H 1
| #define HAVE_SYS_STAT_H 1
| #define HAVE_SYS_TYPES_H 1
| #define HAVE_UNISTD_H 1
| #define HAVE_WCHAR_H 1
| #define STDC_HEADERS 1
| #define _ALL_SOURCE 1
| #define _DARWIN_C_SOURCE 1
| #define _GNU_SOURCE 1
| #define _HPUX_ALT_XOPEN_SOCKET_API 1
| #define _NETBSD_SOURCE 1
| #define _OPENBSD_SOURCE 1
| #define _POSIX_PTHREAD_SEMANTICS 1
| #define __STDC_WANT_IEC_60559_ATTRIBS_EXT__ 1
| #define __STDC_WANT_IEC_60559_BFP_EXT__ 1
| #define __STDC_WANT_IEC_60559_DFP_EXT__ 1
| #define __STDC_WANT_IEC_60559_FUNCS_EXT__ 1
| #define __STDC_WANT_IEC_60559_TYPES_EXT__ 1
| #define __STDC_WANT_LIB_EXT2__ 1
| #define __STDC_WANT_MATH_SPEC_FUNCS__ 1
| #define _TANDEM_SOURCE 1
| #define __EXTENSIONS__ 1
| #define HAVE_PTHREAD_PRIO_INHERIT 1
| #define HAVE_PTHREAD 1
| #define HAVE_C_VARARRAYS 1
| /* end confdefs.h.  */
| #include <time.h>
| int
| main (void)
| {
| time_t x; int fodder = 0; if (fodder > -1000 && time(&x)) return (int) x
| 
|   ;
|   return 0;
| }
configure:9669: result: no
configure:9679: checking whether C compiler accepts -g -O2 -pthread -fvisibility=hidden -fPIC -fPIE -fno-strict-aliasing -fno-strict-overflow -fstack-protector -Wextra -Warray-bounds -Wbad-function-cast -Wcast-qual -Wdiv-by-zero -Wduplicated-branches -Wduplicated-cond -Wfloat-equal -Wformat=2 -Wlogical-op -Wmaybe-uninitialized -Wmisleading-indentation -Wmissing-declarations -Wmissing-prototypes -Wnested-externs -Wno-type-limits -Wno-unknown-pragmas -Wnormalized=id -Wnull-dereference -Wold-style-declaration -Wpointer-arith -Wredundant-decls -Wrestrict -Wstrict-prototypes -Wswitch-enum -Wwrite-strings
configure:9700: /usr/bin/cc -o conftest -g -O2 -pthread -fvisibility=hidden -fPIC -fPIE -fno-strict-aliasing -fno-strict-overflow -fstack-protector  -g -O2 -pthread -fvisibility=hidden -fPIC -fPIE -fno-strict-aliasing -fno-strict-overflow -fstack-protector -Wextra -Warray-bounds -Wbad-function-cast -Wcast-qual -Wdiv-by-zero -Wduplicated-branches -Wduplicated-cond -Wfloat-equal -Wformat=2 -Wlogical-op -Wmaybe-uninitialized -Wmisleading-indentation -Wmissing-declarations -Wmissing-prototypes -Wnested-externs -Wno-type-limits -Wno-unknown-pragmas -Wnormalized=id -Wnull-dereference -Wold-style-declaration -Wpointer-arith -Wredundant-decls -Wrestrict -Wstrict-prototypes -Wswitch-enum -Wwrite-strings   -pie conftest.c -lpthread  >&5
configure:9700: $? = 0
configure:9711: result: yes
configure:9724: checking whether the linker accepts -Wl,-z,relro
configure:9744: /usr/bin/cc -o conftest -g -O2 -pthread -fvisibility=hidden -fPIC -fPIE -fno-strict-aliasing -fno-strict-overflow -fstack-protector   -pie  -Wl,-z,relro conftest.c -lpthread  >&5
configure:9744: $? = 0
configure:9754: result: yes
configure:9763: checking whether the linker accepts -Wl,-z,now
configure:9783: /usr/bin/cc -o conftest -g -O2 -pthread -fvisibility=hidden -fPIC -fPIE -fno-strict-aliasing -fno-strict-overflow -fstack-protector   -pie -Wl,-z,relro  -Wl,-z,now conftest.c -lpthread  >&5
configure:9783: $? = 0
configure:9793: result: yes
configure:9802: checking whether the linker accepts -Wl,-z,noexecstack
configure:9822: /usr/bin/cc -o conftest -g -O2 -pthread -fvisibility=hidden -fPIC -fPIE -fno-strict-aliasing -fno-strict-overflow -fstack-protector   -pie -Wl,-z,relro -Wl,-z,now  -Wl,-z,noexecstack conftest.c -lpthread  >&5
configure:9822: $? = 0
configure:9832: result: yes
configure:9845: checking whether segmentation violations can be caught
configure:9884: /usr/bin/cc -o conftest -g -O2 -pthread -fvisibility=hidden -fPIC -fPIE -fno-strict-aliasing -fno-strict-overflow -fstack-protector   -pie -Wl,-z,relro -Wl,-z,now -Wl,-z,noexecstack conftest.c -lpthread  >&5
configure:9884: $? = 0
configure:9884: ./conftest
configure:9884: $? = 0
configure:9896: result: yes
configure:9910: checking whether SIGABRT can be caught
configure:9964: /usr/bin/cc -o conftest -g -O2 -pthread -fvisibility=hidden -fPIC -fPIE -fno-strict-aliasing -fno-strict-overflow -fstack-protector   -pie -Wl,-z,relro -Wl,-z,now -Wl,-z,noexecstack conftest.c -lpthread  >&5
configure:9964: $? = 0
configure:9964: ./conftest
configure:9964: $? = 0
configure:9976: result: yes
configure:9994: checking for thread local storage (TLS) class
configure:10017: /usr/bin/cc -c -g -O2 -pthread -fvisibility=hidden -fPIC -fPIE -fno-strict-aliasing -fno-strict-overflow -fstack-protector  conftest.c >&5
conftest.c: In function 'main':
conftest.c:47:21: error: expected ';' before 'int'
   47 | static  thread_local  int bar;
      |                     ^ ~~~
      |                     ;
configure:10017: $? = 1
configure: failed program was:
| /* confdefs.h */
| #define PACKAGE_NAME "libsodium"
| #define PACKAGE_TARNAME "libsodium"
| #define PACKAGE_VERSION "1.0.18"
| #define PACKAGE_STRING "libsodium 1.0.18"
| #define PACKAGE_BUGREPORT "https://github.com/jedisct1/libsodium/issues"
| #define PACKAGE_URL "https://libsodium.org"
| #define PACKAGE "libsodium"
| #define VERSION "1.0.18"
| #define HAVE_STDIO_H 1
| #define HAVE_STDLIB_H 1
| #define HAVE_STRING_H 1
| #define HAVE_INTTYPES_H 1
| #define HAVE_STDINT_H 1
| #define HAVE_STRINGS_H 1
| #define HAVE_SYS_STAT_H 1
| #define HAVE_SYS_TYPES_H 1
| #define HAVE_UNISTD_H 1
| #define HAVE_WCHAR_H 1
| #define STDC_HEADERS 1
| #define _ALL_SOURCE 1
| #define _DARWIN_C_SOURCE 1
| #define _GNU_SOURCE 1
| #define _HPUX_ALT_XOPEN_SOCKET_API 1
| #define _NETBSD_SOURCE 1
| #define _OPENBSD_SOURCE 1
| #define _POSIX_PTHREAD_SEMANTICS 1
| #define __STDC_WANT_IEC_60559_ATTRIBS_EXT__ 1
| #define __STDC_WANT_IEC_60559_BFP_EXT__ 1
| #define __STDC_WANT_IEC_60559_DFP_EXT__ 1
| #define __STDC_WANT_IEC_60559_FUNCS_EXT__ 1
| #define __STDC_WANT_IEC_60559_TYPES_EXT__ 1
| #define __STDC_WANT_LIB_EXT2__ 1
| #define __STDC_WANT_MATH_SPEC_FUNCS__ 1
| #define _TANDEM_SOURCE 1
| #define __EXTENSIONS__ 1
| #define HAVE_PTHREAD_PRIO_INHERIT 1
| #define HAVE_PTHREAD 1
| #define HAVE_C_VARARRAYS 1
| #define HAVE_CATCHABLE_SEGV 1
| #define HAVE_CATCHABLE_ABRT 1
| /* end confdefs.h.  */
| #include <stdlib.h>
| int
| main (void)
| {
| static  thread_local  int bar;
| 
|   ;
|   return 0;
| }
configure:10017: /usr/bin/cc -c -g -O2 -pthread -fvisibility=hidden -fPIC -fPIE -fno-strict-aliasing -fno-strict-overflow -fstack-protector  conftest.c >&5
configure:10017: $? = 0
configure:10031: result: _Thread_local
configure:10039: result: thread local storage is supported
configure:10041: checking whether C compiler accepts -ftls-model=local-dynamic
configure:10062: /usr/bin/cc -o conftest -g -O2 -pthread -fvisibility=hidden -fPIC -fPIE -fno-strict-aliasing -fno-strict-overflow -fstack-protector  -ftls-model=local-dynamic   -pie -Wl,-z,relro -Wl,-z,now -Wl,-z,noexecstack conftest.c -lpthread  >&5
configure:10062: $? = 0
configure:10072: result: yes
configure:10135: checking how to print strings
configure:10162: result: printf
configure:10183: checking for a sed that does not truncate output
configure:10253: result: /usr/bin/sed
configure:10271: checking for fgrep
configure:10339: result: /usr/bin/grep -F
configure:10375: checking for ld used by /usr/bin/cc
configure:10443: result: /usr/bin/ld
configure:10450: checking if the linker (/usr/bin/ld) is GNU ld
configure:10466: result: yes
configure:10478: checking for BSD- or MS-compatible name lister (nm)
configure:10533: result: /usr/bin/nm -B
configure:10673: checking the name lister (/usr/bin/nm -B) interface
configure:10681: /usr/bin/cc -c -g -O2 -pthread -fvisibility=hidden -fPIC -fPIE -fno-strict-aliasing -fno-strict-overflow -fstack-protector -ftls-model=local-dynamic  conftest.c >&5
configure:10684: /usr/bin/nm -B "conftest.o"
configure:10687: output
0000000000000000 B some_variable
configure:10694: result: BSD nm
configure:10697: checking whether ln -s works
configure:10701: result: yes
configure:10709: checking the maximum length of command line arguments
configure:10841: result: 1572864
configure:10889: checking how to convert x86_64-pc-linux-gnu file names to x86_64-pc-linux-gnu format
configure:10930: result: func_convert_file_noop
configure:10937: checking how to convert x86_64-pc-linux-gnu file names to toolchain format
configure:10958: result: func_convert_file_noop
configure:10965: checking for /usr/bin/ld option to reload object files
configure:10973: result: -r
configure:11052: checking for file
configure:11073: found /usr/bin/file
configure:11084: result: file
configure:11160: checking for objdump
configure:11181: found /usr/bin/objdump
configure:11192: result: objdump
configure:11224: checking how to recognize dependent libraries
configure:11425: result: pass_all
configure:11515: checking for dlltool
configure:11550: result: no
configure:11580: checking how to associate runtime and link libraries
configure:11608: result: printf %s\n
configure:11673: checking for ar
configure:11694: found /usr/bin/ar
configure:11705: result: ar
configure:11758: checking for archiver @FILE support
configure:11776: /usr/bin/cc -c -g -O2 -pthread -fvisibility=hidden -fPIC -fPIE -fno-strict-aliasing -fno-strict-overflow -fstack-protector -ftls-model=local-dynamic  conftest.c >&5
configure:11776: $? = 0
configure:11780: ar cr libconftest.a @conftest.lst >&5
configure:11783: $? = 0
configure:11788: ar cr libconftest.a @conftest.lst >&5
ar: conftest.o: No such file or directory
configure:11791: $? = 1
configure:11803: result: @
configure:11866: checking for strip
configure:11887: found /usr/bin/strip
configure:11898: result: strip
configure:11975: checking for ranlib
configure:11996: found /usr/bin/ranlib
configure:12007: result: ranlib
configure:12109: checking command to parse /usr/bin/nm -B output from /usr/bin/cc object
configure:12263: /usr/bin/cc -c -g -O2 -pthread -fvisibility=hidden -fPIC -fPIE -fno-strict-aliasing -fno-strict-overflow -fstack-protector -ftls-model=local-dynamic  conftest.c >&5
configure:12266: $? = 0
configure:12270: /usr/bin/nm -B conftest.o | /usr/bin/sed -n -e 's/^.*[	 ]\([ABCDGIRSTW][ABCDGIRSTW]*\)[	 ][	 ]*\([_A-Za-z][_A-Za-z0-9]*\)$/\1 \2 \2/p' | /usr/bin/sed '/ __gnu_lto/d' > conftest.nm
configure:12336: /usr/bin/cc -o conftest -g -O2 -pthread -fvisibility=hidden -fPIC -fPIE -fno-strict-aliasing -fno-strict-overflow -fstack-protector -ftls-model=local-dynamic   -pie -Wl,-z,relro -Wl,-z,now -Wl,-z,noexecstack conftest.c conftstm.o >&5
configure:12339: $? = 0
configure:12377: result: ok
configure:12424: checking for sysroot
configure:12455: result: no
configure:12462: checking for a working dd
configure:12506: result: /usr/bin/dd
configure:12510: checking how to truncate binary pipes
configure:12526: result: /usr/bin/dd bs=4096 count=1
configure:12663: /usr/bin/cc -c -g -O2 -pthread -fvisibility=hidden -fPIC -fPIE -fno-strict-aliasing -fno-strict-overflow -fstack-protector -ftls-model=local-dynamic  conftest.c >&5
configure:12666: $? = 0
configure:12863: checking for mt
configure:12884: found /usr/bin/mt
configure:12895: result: mt
configure:12918: checking if mt is a manifest tool
configure:12925: mt '-?'
configure:12933: result: no
configure:13654: checking for dlfcn.h
configure:13654: /usr/bin/cc -c -g -O2 -pthread -fvisibility=hidden -fPIC -fPIE -fno-strict-aliasing -fno-strict-overflow -fstack-protector -ftls-model=local-dynamic  conftest.c >&5
configure:13654: $? = 0
configure:13654: result: yes
configure:13913: checking for objdir
configure:13929: result: .libs
configure:14193: checking if /usr/bin/cc supports -fno-rtti -fno-exceptions
configure:14212: /usr/bin/cc -c -g -O2 -pthread -fvisibility=hidden -fPIC -fPIE -fno-strict-aliasing -fno-strict-overflow -fstack-protector -ftls-model=local-dynamic  -fno-rtti -fno-exceptions conftest.c >&5
cc1: warning: command-line option '-fno-rtti' is valid for C++/D/ObjC++ but not for C
configure:14216: $? = 0
configure:14229: result: no
configure:14593: checking for /usr/bin/cc option to produce PIC
configure:14601: result: -fPIC -DPIC
configure:14609: checking if /usr/bin/cc PIC flag -fPIC -DPIC works
configure:14628: /usr/bin/cc -c -g -O2 -pthread -fvisibility=hidden -fPIC -fPIE -fno-strict-aliasing -fno-strict-overflow -fstack-protector -ftls-model=local-dynamic  -fPIC -DPIC -DPIC conftest.c >&5
configure:14632: $? = 0
configure:14645: result: yes
configure:14674: checking if /usr/bin/cc static flag -static works
configure:14703: result: yes
configure:14718: checking if /usr/bin/cc supports -c -o file.o
configure:14740: /usr/bin/cc -c -g -O2 -pthread -fvisibility=hidden -fPIC -fPIE -fno-strict-aliasing -fno-strict-overflow -fstack-protector -ftls-model=local-dynamic  -o out/conftest2.o conftest.c >&5
configure:14744: $? = 0
configure:14766: result: yes
configure:14774: checking if /usr/bin/cc supports -c -o file.o
configure:14822: result: yes
configure:14855: checking whether the /usr/bin/cc linker (/usr/bin/ld -m elf_x86_64) supports shared libraries
configure:16129: result: yes
configure:16166: checking whether -lc should be explicitly linked in
configure:16175: /usr/bin/cc -c -g -O2 -pthread -fvisibility=hidden -fPIC -fPIE -fno-strict-aliasing -fno-strict-overflow -fstack-protector -ftls-model=local-dynamic  conftest.c >&5
configure:16178: $? = 0
configure:16193: /usr/bin/cc -shared  -fPIC -DPIC conftest.o  -v -Wl,-soname -Wl,conftest -o conftest 2\>\&1 \| /usr/bin/grep  -lc  \>/dev/null 2\>\&1
configure:16196: $? = 0
configure:16210: result: no
configure:16370: checking dynamic linker characteristics
configure:16952: /usr/bin/cc -o conftest -g -O2 -pthread -fvisibility=hidden -fPIC -fPIE -fno-strict-aliasing -fno-strict-overflow -fstack-protector -ftls-model=local-dynamic   -pie -Wl,-z,relro -Wl,-z,now -Wl,-z,noexecstack -Wl,-rpath -Wl,/foo conftest.c -lpthread  >&5
configure:16952: $? = 0
configure:17203: result: GNU/Linux ld.so
configure:17325: checking how to hardcode library paths into programs
configure:17350: result: immediate
configure:17902: checking whether stripping libraries is possible
configure:17911: result: yes
configure:17953: checking if libtool supports shared libraries
configure:17955: result: yes
configure:17958: checking whether to build shared libraries
configure:17983: result: yes
configure:17986: checking whether to build static libraries
configure:17990: result: yes
configure:18078: checking for ar
configure:18110: result: ar
configure:18135: checking for ARM64 target
configure:18153: /usr/bin/cc -o conftest -g -O2 -pthread -fvisibility=hidden -fPIC -fPIE -fno-strict-aliasing -fno-strict-overflow -fstack-protector -ftls-model=local-dynamic   -pie -Wl,-z,relro -Wl,-z,now -Wl,-z,noexecstack conftest.c -lpthread  >&5
conftest.c:48:2: error: #error Not aarch64
   48 | #error Not aarch64
      |  ^~~~~
conftest.c:50:10: fatal error: arm_neon.h: No such file or directory
   50 | #include <arm_neon.h>
      |          ^~~~~~~~~~~~
compilation terminated.
configure:18153: $? = 1
configure: failed program was:
| /* confdefs.h */
| #define PACKAGE_NAME "libsodium"
| #define PACKAGE_TARNAME "libsodium"
| #define PACKAGE_VERSION "1.0.18"
| #define PACKAGE_STRING "libsodium 1.0.18"
| #define PACKAGE_BUGREPORT "https://github.com/jedisct1/libsodium/issues"
| #define PACKAGE_URL "https://libsodium.org"
| #define PACKAGE "libsodium"
| #define VERSION "1.0.18"
| #define HAVE_STDIO_H 1
| #define HAVE_STDLIB_H 1
| #define HAVE_STRING_H 1
| #define HAVE_INTTYPES_H 1
| #define HAVE_STDINT_H 1
| #define HAVE_STRINGS_H 1
| #define HAVE_SYS_STAT_H 1
| #define HAVE_SYS_TYPES_H 1
| #define HAVE_UNISTD_H 1
| #define HAVE_WCHAR_H 1
| #define STDC_HEADERS 1
| #define _ALL_SOURCE 1
| #define _DARWIN_C_SOURCE 1
| #define _GNU_SOURCE 1
| #define _HPUX_ALT_XOPEN_SOCKET_API 1
| #define _NETBSD_SOURCE 1
| #define _OPENBSD_SOURCE 1
| #define _POSIX_PTHREAD_SEMANTICS 1
| #define __STDC_WANT_IEC_60559_ATTRIBS_EXT__ 1
| #define __STDC_WANT_IEC_60559_BFP_EXT__ 1
| #define __STDC_WANT_IEC_60559_DFP_EXT__ 1
| #define __STDC_WANT_IEC_60559_FUNCS_EXT__ 1
| #define __STDC_WANT_IEC_60559_TYPES_EXT__ 1
| #define __STDC_WANT_LIB_EXT2__ 1
| #define __STDC_WANT_MATH_SPEC_FUNCS__ 1
| #define _TANDEM_SOURCE 1
| #define __EXTENSIONS__ 1
| #define HAVE_PTHREAD_PRIO_INHERIT 1
| #define HAVE_PTHREAD 1
| #define HAVE_C_VARARRAYS 1
| #define HAVE_CATCHABLE_SEGV 1
| #define HAVE_CATCHABLE_ABRT 1
| #define TLS _Thread_local
| #define HAVE_DLFCN_H 1
| #define LT_OBJDIR ".libs/"
| /* end confdefs.h.  */
| 
| #ifndef __aarch64__
| #error Not aarch64
| #endif
| #include <arm_neon.h>
| 
| int
| main (void)
| {
| (void) 0
|   ;
|   return 0;
| }
configure:18159: result: no
configure:18283: checking whether C compiler accepts -mmmx
configure:18304: /usr/bin/cc -o conftest -g -O2 -pthread -fvisibility=hidden -fPIC -fPIE -fno-strict-aliasing -fno-strict-overflow -fstack-protector -ftls-model=local-dynamic  -mmmx   -pie -Wl,-z,relro -Wl,-z,now -Wl,-z,noexecstack conftest.c -lpthread  >&5
configure:18304: $? = 0
configure:18314: result: yes
configure:18323: checking for MMX instructions set
configure:18339: /usr/bin/cc -o conftest -g -O2 -pthread -fvisibility=hidden -fPIC -fPIE -fno-strict-aliasing -fno-strict-overflow -fstack-protector -ftls-model=local-dynamic -mmmx   -pie -Wl,-z,relro -Wl,-z,now -Wl,-z,noexecstack conftest.c -lpthread  >&5
configure:18339: $? = 0
configure:18341: result: yes
configure:18346: checking whether C compiler accepts -mmmx
configure:18377: result: yes
configure:18395: checking whether C compiler accepts -msse2
configure:18416: /usr/bin/cc -o conftest -g -O2 -pthread -fvisibility=hidden -fPIC -fPIE -fno-strict-aliasing -fno-strict-overflow -fstack-protector -ftls-model=local-dynamic  -msse2   -pie -Wl,-z,relro -Wl,-z,now -Wl,-z,noexecstack conftest.c -lpthread  >&5
configure:18416: $? = 0
configure:18426: result: yes
configure:18435: checking for SSE2 instructions set
configure:18455: /usr/bin/cc -o conftest -g -O2 -pthread -fvisibility=hidden -fPIC -fPIE -fno-strict-aliasing -fno-strict-overflow -fstack-protector -ftls-model=local-dynamic -msse2   -pie -Wl,-z,relro -Wl,-z,now -Wl,-z,noexecstack conftest.c -lpthread  >&5
configure:18455: $? = 0
configure:18457: result: yes
configure:18462: checking whether C compiler accepts -msse2
configure:18493: result: yes
configure:18511: checking whether C compiler accepts -msse3
configure:18532: /usr/bin/cc -o conftest -g -O2 -pthread -fvisibility=hidden -fPIC -fPIE -fno-strict-aliasing -fno-strict-overflow -fstack-protector -ftls-model=local-dynamic  -msse3   -pie -Wl,-z,relro -Wl,-z,now -Wl,-z,noexecstack conftest.c -lpthread  >&5
configure:18532: $? = 0
configure:18542: result: yes
configure:18551: checking for SSE3 instructions set
configure:18568: /usr/bin/cc -o conftest -g -O2 -pthread -fvisibility=hidden -fPIC -fPIE -fno-strict-aliasing -fno-strict-overflow -fstack-protector -ftls-model=local-dynamic -msse3   -pie -Wl,-z,relro -Wl,-z,now -Wl,-z,noexecstack conftest.c -lpthread  >&5
configure:18568: $? = 0
configure:18570: result: yes
configure:18575: checking whether C compiler accepts -msse3
configure:18606: result: yes
configure:18624: checking whether C compiler accepts -mssse3
configure:18645: /usr/bin/cc -o conftest -g -O2 -pthread -fvisibility=hidden -fPIC -fPIE -fno-strict-aliasing -fno-strict-overflow -fstack-protector -ftls-model=local-dynamic  -mssse3   -pie -Wl,-z,relro -Wl,-z,now -Wl,-z,noexecstack conftest.c -lpthread  >&5
configure:18645: $? = 0
configure:18655: result: yes
configure:18664: checking for SSSE3 instructions set
configure:18680: /usr/bin/cc -o conftest -g -O2 -pthread -fvisibility=hidden -fPIC -fPIE -fno-strict-aliasing -fno-strict-overflow -fstack-protector -ftls-model=local-dynamic -mssse3   -pie -Wl,-z,relro -Wl,-z,now -Wl,-z,noexecstack conftest.c -lpthread  >&5
configure:18680: $? = 0
configure:18682: result: yes
configure:18687: checking whether C compiler accepts -mssse3
configure:18718: result: yes
configure:18736: checking whether C compiler accepts -msse4.1
configure:18757: /usr/bin/cc -o conftest -g -O2 -pthread -fvisibility=hidden -fPIC -fPIE -fno-strict-aliasing -fno-strict-overflow -fstack-protector -ftls-model=local-dynamic  -msse4.1   -pie -Wl,-z,relro -Wl,-z,now -Wl,-z,noexecstack conftest.c -lpthread  >&5
configure:18757: $? = 0
configure:18767: result: yes
configure:18776: checking for SSE4.1 instructions set
configure:18792: /usr/bin/cc -o conftest -g -O2 -pthread -fvisibility=hidden -fPIC -fPIE -fno-strict-aliasing -fno-strict-overflow -fstack-protector -ftls-model=local-dynamic -msse4.1   -pie -Wl,-z,relro -Wl,-z,now -Wl,-z,noexecstack conftest.c -lpthread  >&5
configure:18792: $? = 0
configure:18794: result: yes
configure:18799: checking whether C compiler accepts -msse4.1
configure:18830: result: yes
configure:18848: checking whether C compiler accepts -mavx
configure:18869: /usr/bin/cc -o conftest -g -O2 -pthread -fvisibility=hidden -fPIC -fPIE -fno-strict-aliasing -fno-strict-overflow -fstack-protector -ftls-model=local-dynamic  -mavx   -pie -Wl,-z,relro -Wl,-z,now -Wl,-z,noexecstack conftest.c -lpthread  >&5
configure:18869: $? = 0
configure:18879: result: yes
configure:18888: checking for AVX instructions set
configure:18904: /usr/bin/cc -o conftest -g -O2 -pthread -fvisibility=hidden -fPIC -fPIE -fno-strict-aliasing -fno-strict-overflow -fstack-protector -ftls-model=local-dynamic -mavx   -pie -Wl,-z,relro -Wl,-z,now -Wl,-z,noexecstack conftest.c -lpthread  >&5
configure:18904: $? = 0
configure:18906: result: yes
configure:18911: checking whether C compiler accepts -mavx
configure:18942: result: yes
configure:18960: checking whether C compiler accepts -mavx2
configure:18981: /usr/bin/cc -o conftest -g -O2 -pthread -fvisibility=hidden -fPIC -fPIE -fno-strict-aliasing -fno-strict-overflow -fstack-protector -ftls-model=local-dynamic  -mavx2   -pie -Wl,-z,relro -Wl,-z,now -Wl,-z,noexecstack conftest.c -lpthread  >&5
configure:18981: $? = 0
configure:18991: result: yes
configure:19000: checking for AVX2 instructions set
configure:19020: /usr/bin/cc -o conftest -g -O2 -pthread -fvisibility=hidden -fPIC -fPIE -fno-strict-aliasing -fno-strict-overflow -fstack-protector -ftls-model=local-dynamic -mavx2   -pie -Wl,-z,relro -Wl,-z,now -Wl,-z,noexecstack conftest.c -lpthread  >&5
configure:19020: $? = 0
configure:19022: result: yes
configure:19027: checking whether C compiler accepts -mavx2
configure:19058: result: yes
configure:19067: checking if _mm256_broadcastsi128_si256 is correctly defined
configure:19083: /usr/bin/cc -o conftest -g -O2 -pthread -fvisibility=hidden -fPIC -fPIE -fno-strict-aliasing -fno-strict-overflow -fstack-protector -ftls-model=local-dynamic -mavx2   -pie -Wl,-z,relro -Wl,-z,now -Wl,-z,noexecstack conftest.c -lpthread  >&5
configure:19083: $? = 0
configure:19085: result: yes
configure:19106: checking whether C compiler accepts -mavx512f
configure:19127: /usr/bin/cc -o conftest -g -O2 -pthread -fvisibility=hidden -fPIC -fPIE -fno-strict-aliasing -fno-strict-overflow -fstack-protector -ftls-model=local-dynamic  -mavx512f   -pie -Wl,-z,relro -Wl,-z,now -Wl,-z,noexecstack conftest.c -lpthread  >&5
configure:19127: $? = 0
configure:19137: result: yes
configure:19146: checking for AVX512F instructions set
configure:19178: /usr/bin/cc -o conftest -g -O2 -pthread -fvisibility=hidden -fPIC -fPIE -fno-strict-aliasing -fno-strict-overflow -fstack-protector -ftls-model=local-dynamic -mavx512f   -pie -Wl,-z,relro -Wl,-z,now -Wl,-z,noexecstack conftest.c -lpthread  >&5
configure:19178: $? = 0
configure:19180: result: yes
configure:19185: checking whether C compiler accepts -mavx512f
configure:19216: result: yes
configure:19277: checking whether C compiler accepts -maes
configure:19298: /usr/bin/cc -o conftest -g -O2 -pthread -fvisibility=hidden -fPIC -fPIE -fno-strict-aliasing -fno-strict-overflow -fstack-protector -ftls-model=local-dynamic  -maes   -pie -Wl,-z,relro -Wl,-z,now -Wl,-z,noexecstack conftest.c -lpthread  >&5
configure:19298: $? = 0
configure:19308: result: yes
configure:19317: checking whether C compiler accepts -mpclmul
configure:19338: /usr/bin/cc -o conftest -g -O2 -pthread -fvisibility=hidden -fPIC -fPIE -fno-strict-aliasing -fno-strict-overflow -fstack-protector -ftls-model=local-dynamic -maes  -mpclmul   -pie -Wl,-z,relro -Wl,-z,now -Wl,-z,noexecstack conftest.c -lpthread  >&5
configure:19338: $? = 0
configure:19348: result: yes
configure:19357: checking for AESNI instructions set and PCLMULQDQ
configure:19375: /usr/bin/cc -o conftest -g -O2 -pthread -fvisibility=hidden -fPIC -fPIE -fno-strict-aliasing -fno-strict-overflow -fstack-protector -ftls-model=local-dynamic -maes -mpclmul   -pie -Wl,-z,relro -Wl,-z,now -Wl,-z,noexecstack conftest.c -lpthread  >&5
configure:19375: $? = 0
configure:19377: result: yes
configure:19382: checking whether C compiler accepts -maes
configure:19413: result: yes
configure:19422: checking whether C compiler accepts -mpclmul
configure:19453: result: yes
configure:19472: checking whether C compiler accepts -mrdrnd
configure:19493: /usr/bin/cc -o conftest -g -O2 -pthread -fvisibility=hidden -fPIC -fPIE -fno-strict-aliasing -fno-strict-overflow -fstack-protector -ftls-model=local-dynamic  -mrdrnd   -pie -Wl,-z,relro -Wl,-z,now -Wl,-z,noexecstack conftest.c -lpthread  >&5
configure:19493: $? = 0
configure:19503: result: yes
configure:19512: checking for RDRAND
configure:19528: /usr/bin/cc -o conftest -g -O2 -pthread -fvisibility=hidden -fPIC -fPIE -fno-strict-aliasing -fno-strict-overflow -fstack-protector -ftls-model=local-dynamic -mrdrnd   -pie -Wl,-z,relro -Wl,-z,now -Wl,-z,noexecstack conftest.c -lpthread  >&5
configure:19528: $? = 0
configure:19530: result: yes
configure:19535: checking whether C compiler accepts -mrdrnd
configure:19566: result: yes
configure:19600: checking for sys/mman.h
configure:19600: /usr/bin/cc -c -g -O2 -pthread -fvisibility=hidden -fPIC -fPIE -fno-strict-aliasing -fno-strict-overflow -fstack-protector -ftls-model=local-dynamic  conftest.c >&5
configure:19600: $? = 0
configure:19600: result: yes
configure:19606: checking for sys/param.h
configure:19606: /usr/bin/cc -c -g -O2 -pthread -fvisibility=hidden -fPIC -fPIE -fno-strict-aliasing -fno-strict-overflow -fstack-protector -ftls-model=local-dynamic  conftest.c >&5
configure:19606: $? = 0
configure:19606: result: yes
configure:19612: checking for sys/random.h
configure:19612: /usr/bin/cc -c -g -O2 -pthread -fvisibility=hidden -fPIC -fPIE -fno-strict-aliasing -fno-strict-overflow -fstack-protector -ftls-model=local-dynamic  conftest.c >&5
configure:19612: $? = 0
configure:19612: result: yes
configure:19618: checking for intrin.h
configure:19618: /usr/bin/cc -c -g -O2 -pthread -fvisibility=hidden -fPIC -fPIE -fno-strict-aliasing -fno-strict-overflow -fstack-protector -ftls-model=local-dynamic  conftest.c >&5
conftest.c:87:10: fatal error: intrin.h: No such file or directory
   87 | #include <intrin.h>
      |          ^~~~~~~~~~
compilation terminated.
configure:19618: $? = 1
configure: failed program was:
| /* confdefs.h */
| #define PACKAGE_NAME "libsodium"
| #define PACKAGE_TARNAME "libsodium"
| #define PACKAGE_VERSION "1.0.18"
| #define PACKAGE_STRING "libsodium 1.0.18"
| #define PACKAGE_BUGREPORT "https://github.com/jedisct1/libsodium/issues"
| #define PACKAGE_URL "https://libsodium.org"
| #define PACKAGE "libsodium"
| #define VERSION "1.0.18"
| #define HAVE_STDIO_H 1
| #define HAVE_STDLIB_H 1
| #define HAVE_STRING_H 1
| #define HAVE_INTTYPES_H 1
| #define HAVE_STDINT_H 1
| #define HAVE_STRINGS_H 1
| #define HAVE_SYS_STAT_H 1
| #define HAVE_SYS_TYPES_H 1
| #define HAVE_UNISTD_H 1
| #define HAVE_WCHAR_H 1
| #define STDC_HEADERS 1
| #define _ALL_SOURCE 1
| #define _DARWIN_C_SOURCE 1
| #define _GNU_SOURCE 1
| #define _HPUX_ALT_XOPEN_SOCKET_API 1
| #define _NETBSD_SOURCE 1
| #define _OPENBSD_SOURCE 1
| #define _POSIX_PTHREAD_SEMANTICS 1
| #define __STDC_WANT_IEC_60559_ATTRIBS_EXT__ 1
| #define __STDC_WANT_IEC_60559_BFP_EXT__ 1
| #define __STDC_WANT_IEC_60559_DFP_EXT__ 1
| #define __STDC_WANT_IEC_60559_FUNCS_EXT__ 1
| #define __STDC_WANT_IEC_60559_TYPES_EXT__ 1
| #define __STDC_WANT_LIB_EXT2__ 1
| #define __STDC_WANT_MATH_SPEC_FUNCS__ 1
| #define _TANDEM_SOURCE 1
| #define __EXTENSIONS__ 1
| #define HAVE_PTHREAD_PRIO_INHERIT 1
| #define HAVE_PTHREAD 1
| #define HAVE_C_VARARRAYS 1
| #define HAVE_CATCHABLE_SEGV 1
| #define HAVE_CATCHABLE_ABRT 1
| #define TLS _Thread_local
| #define HAVE_DLFCN_H 1
| #define LT_OBJDIR ".libs/"
| #define HAVE_MMINTRIN_H 1
| #define HAVE_EMMINTRIN_H 1
| #define HAVE_PMMINTRIN_H 1
| #define HAVE_TMMINTRIN_H 1
| #define HAVE_SMMINTRIN_H 1
| #define HAVE_AVXINTRIN_H 1
| #define HAVE_AVX2INTRIN_H 1
| #define HAVE_AVX512FINTRIN_H 1
| #define HAVE_WMMINTRIN_H 1
| #define HAVE_RDRAND 1
| #define HAVE_SYS_MMAN_H 1
| #define HAVE_SYS_PARAM_H 1
| #define HAVE_SYS_RANDOM_H 1
| /* end confdefs.h.  */
| #include <stddef.h>
| #ifdef HAVE_STDIO_H
| # include <stdio.h>
| #endif
| #ifdef HAVE_STDLIB_H
| # include <stdlib.h>
| #endif
| #ifdef HAVE_STRING_H
| # include <string.h>
| #endif
| #ifdef HAVE_INTTYPES_H
| # include <inttypes.h>
| #endif
| #ifdef HAVE_STDINT_H
| # include <stdint.h>
| #endif
| #ifdef HAVE_STRINGS_H
| # include <strings.h>
| #endif
| #ifdef HAVE_SYS_TYPES_H
| # include <sys/types.h>
| #endif
| #ifdef HAVE_SYS_STAT_H
| # include <sys/stat.h>
| #endif
| #ifdef HAVE_UNISTD_H
| # include <unistd.h>
| #endif
| #include <intrin.h>
configure:19618: result: no
configure:19624: checking for sys/auxv.h
configure:19624: /usr/bin/cc -c -g -O2 -pthread -fvisibility=hidden -fPIC -fPIE -fno-strict-aliasing -fno-strict-overflow -fstack-protector -ftls-model=local-dynamic  conftest.c >&5
configure:19624: $? = 0
configure:19624: result: yes
configure:19632: checking if _xgetbv() is available
configure:19645: /usr/bin/cc -o conftest -g -O2 -pthread -fvisibility=hidden -fPIC -fPIE -fno-strict-aliasing -fno-strict-overflow -fstack-protector -ftls-model=local-dynamic   -pie -Wl,-z,relro -Wl,-z,now -Wl,-z,noexecstack conftest.c -lpthread  >&5
conftest.c:60:11: fatal error: intrin.h: No such file or directory
   60 |  #include <intrin.h>
      |           ^~~~~~~~~~
compilation terminated.
configure:19645: $? = 1
configure: failed program was:
| /* confdefs.h */
| #define PACKAGE_NAME "libsodium"
| #define PACKAGE_TARNAME "libsodium"
| #define PACKAGE_VERSION "1.0.18"
| #define PACKAGE_STRING "libsodium 1.0.18"
| #define PACKAGE_BUGREPORT "https://github.com/jedisct1/libsodium/issues"
| #define PACKAGE_URL "https://libsodium.org"
| #define PACKAGE "libsodium"
| #define VERSION "1.0.18"
| #define HAVE_STDIO_H 1
| #define HAVE_STDLIB_H 1
| #define HAVE_STRING_H 1
| #define HAVE_INTTYPES_H 1
| #define HAVE_STDINT_H 1
| #define HAVE_STRINGS_H 1
| #define HAVE_SYS_STAT_H 1
| #define HAVE_SYS_TYPES_H 1
| #define HAVE_UNISTD_H 1
| #define HAVE_WCHAR_H 1
| #define STDC_HEADERS 1
| #define _ALL_SOURCE 1
| #define _DARWIN_C_SOURCE 1
| #define _GNU_SOURCE 1
| #define _HPUX_ALT_XOPEN_SOCKET_API 1
| #define _NETBSD_SOURCE 1
| #define _OPENBSD_SOURCE 1
| #define _POSIX_PTHREAD_SEMANTICS 1
| #define __STDC_WANT_IEC_60559_ATTRIBS_EXT__ 1
| #define __STDC_WANT_IEC_60559_BFP_EXT__ 1
| #define __STDC_WANT_IEC_60559_DFP_EXT__ 1
| #define __STDC_WANT_IEC_60559_FUNCS_EXT__ 1
| #define __STDC_WANT_IEC_60559_TYPES_EXT__ 1
| #define __STDC_WANT_LIB_EXT2__ 1
| #define __STDC_WANT_MATH_SPEC_FUNCS__ 1
| #define _TANDEM_SOURCE 1
| #define __EXTENSIONS__ 1
| #define HAVE_PTHREAD_PRIO_INHERIT 1
| #define HAVE_PTHREAD 1
| #define HAVE_C_VARARRAYS 1
| #define HAVE_CATCHABLE_SEGV 1
| #define HAVE_CATCHABLE_ABRT 1
| #define TLS _Thread_local
| #define HAVE_DLFCN_H 1
| #define LT_OBJDIR ".libs/"
| #define HAVE_MMINTRIN_H 1
| #define HAVE_EMMINTRIN_H 1
| #define HAVE_PMMINTRIN_H 1
| #define HAVE_TMMINTRIN_H 1
| #define HAVE_SMMINTRIN_H 1
| #define HAVE_AVXINTRIN_H 1
| #define HAVE_AVX2INTRIN_H 1
| #define HAVE_AVX512FINTRIN_H 1
| #define HAVE_WMMINTRIN_H 1
| #define HAVE_RDRAND 1
| #define HAVE_SYS_MMAN_H 1
| #define HAVE_SYS_PARAM_H 1
| #define HAVE_SYS_RANDOM_H 1
| #define HAVE_SYS_AUXV_H 1
| /* end confdefs.h.  */
|  #include <intrin.h>
| int
| main (void)
| {
|  (void) _xgetbv(0)
|   ;
|   return 0;
| }
configure:19653: result: no
configure:19660: checking for inline
configure:19677: /usr/bin/cc -c -g -O2 -pthread -fvisibility=hidden -fPIC -fPIE -fno-strict-aliasing -fno-strict-overflow -fstack-protector -ftls-model=local-dynamic  conftest.c >&5
configure:19677: $? = 0
configure:19686: result: inline
configure:19711: checking whether byte ordering is bigendian
configure:19926: result: no
configure:19946: checking whether __STDC_LIMIT_MACROS is required
configure:19965: /usr/bin/cc -o conftest -g -O2 -pthread -fvisibility=hidden -fPIC -fPIE -fno-strict-aliasing -fno-strict-overflow -fstack-protector -ftls-model=local-dynamic   -pie -Wl,-z,relro -Wl,-z,now -Wl,-z,noexecstack conftest.c -lpthread  >&5
configure:19965: $? = 0
configure:19967: result: no
configure:19978: checking whether we can use inline asm code
configure:19996: /usr/bin/cc -o conftest -g -O2 -pthread -fvisibility=hidden -fPIC -fPIE -fno-strict-aliasing -fno-strict-overflow -fstack-protector -ftls-model=local-dynamic   -pie -Wl,-z,relro -Wl,-z,now -Wl,-z,noexecstack conftest.c -lpthread  >&5
configure:19996: $? = 0
configure:19998: result: yes
configure:20003: result: no
configure:20014: checking whether we can use x86_64 asm code
configure:20044: /usr/bin/cc -o conftest -g -O2 -pthread -fvisibility=hidden -fPIC -fPIE -fno-strict-aliasing -fno-strict-overflow -fstack-protector -ftls-model=local-dynamic   -pie -Wl,-z,relro -Wl,-z,now -Wl,-z,noexecstack conftest.c -lpthread  >&5
configure:20044: $? = 0
configure:20046: result: yes
configure:20074: checking whether we can assemble AVX opcodes
configure:20098: /usr/bin/cc -o conftest -g -O2 -pthread -fvisibility=hidden -fPIC -fPIE -fno-strict-aliasing -fno-strict-overflow -fstack-protector -ftls-model=local-dynamic   -pie -Wl,-z,relro -Wl,-z,now -Wl,-z,noexecstack conftest.c -lpthread  >&5
configure:20098: $? = 0
configure:20100: result: yes
configure:20124: checking for 128-bit arithmetic
configure:20165: /usr/bin/cc -c -g -O2 -pthread -fvisibility=hidden -fPIC -fPIE -fno-strict-aliasing -fno-strict-overflow -fstack-protector -ftls-model=local-dynamic  conftest.c >&5
conftest.c:75:35: warning: missing terminating ' character
   75 | # error emscripten currently doesn't support some operations on integers larger than 64 bits
      |                                   ^
configure:20165: $? = 0
configure:20167: result: yes
configure:20192: checking for cpuid instruction
configure:20211: /usr/bin/cc -o conftest -g -O2 -pthread -fvisibility=hidden -fPIC -fPIE -fno-strict-aliasing -fno-strict-overflow -fstack-protector -ftls-model=local-dynamic   -pie -Wl,-z,relro -Wl,-z,now -Wl,-z,noexecstack conftest.c -lpthread  >&5
configure:20211: $? = 0
configure:20213: result: yes
configure:20233: checking if the .private_extern asm directive is supported
configure:20255: /usr/bin/cc -o conftest -g -O2 -pthread -fvisibility=hidden -fPIC -fPIE -fno-strict-aliasing -fno-strict-overflow -fstack-protector -ftls-model=local-dynamic   -pie -Wl,-z,relro -Wl,-z,now -Wl,-z,noexecstack conftest.c -lpthread  >&5
conftest.c: Assembler messages:
conftest.c:71: Error: unknown pseudo-op: `.private_extern'
conftest.c:72: Error: unknown pseudo-op: `.private_extern'
configure:20255: $? = 1
configure: failed program was:
| /* confdefs.h */
| #define PACKAGE_NAME "libsodium"
| #define PACKAGE_TARNAME "libsodium"
| #define PACKAGE_VERSION "1.0.18"
| #define PACKAGE_STRING "libsodium 1.0.18"
| #define PACKAGE_BUGREPORT "https://github.com/jedisct1/libsodium/issues"
| #define PACKAGE_URL "https://libsodium.org"
| #define PACKAGE "libsodium"
| #define VERSION "1.0.18"
| #define HAVE_STDIO_H 1
| #define HAVE_STDLIB_H 1
| #define HAVE_STRING_H 1
| #define HAVE_INTTYPES_H 1
| #define HAVE_STDINT_H 1
| #define HAVE_STRINGS_H 1
| #define HAVE_SYS_STAT_H 1
| #define HAVE_SYS_TYPES_H 1
| #define HAVE_UNISTD_H 1
| #define HAVE_WCHAR_H 1
| #define STDC_HEADERS 1
| #define _ALL_SOURCE 1
| #define _DARWIN_C_SOURCE 1
| #define _GNU_SOURCE 1
| #define _HPUX_ALT_XOPEN_SOCKET_API 1
| #define _NETBSD_SOURCE 1
| #define _OPENBSD_SOURCE 1
| #define _POSIX_PTHREAD_SEMANTICS 1
| #define __STDC_WANT_IEC_60559_ATTRIBS_EXT__ 1
| #define __STDC_WANT_IEC_60559_BFP_EXT__ 1
| #define __STDC_WANT_IEC_60559_DFP_EXT__ 1
| #define __STDC_WANT_IEC_60559_FUNCS_EXT__ 1
| #define __STDC_WANT_IEC_60559_TYPES_EXT__ 1
| #define __STDC_WANT_LIB_EXT2__ 1
| #define __STDC_WANT_MATH_SPEC_FUNCS__ 1
| #define _TANDEM_SOURCE 1
| #define __EXTENSIONS__ 1
| #define HAVE_PTHREAD_PRIO_INHERIT 1
| #define HAVE_PTHREAD 1
| #define HAVE_C_VARARRAYS 1
| #define HAVE_CATCHABLE_SEGV 1
| #define HAVE_CATCHABLE_ABRT 1
| #define TLS _Thread_local
| #define HAVE_DLFCN_H 1
| #define LT_OBJDIR ".libs/"
| #define HAVE_MMINTRIN_H 1
| #define HAVE_EMMINTRIN_H 1
| #define HAVE_PMMINTRIN_H 1
| #define HAVE_TMMINTRIN_H 1
| #define HAVE_SMMINTRIN_H 1
| #define HAVE_AVXINTRIN_H 1
| #define HAVE_AVX2INTRIN_H 1
| #define HAVE_AVX512FINTRIN_H 1
| #define HAVE_WMMINTRIN_H 1
| #define HAVE_RDRAND 1
| #define HAVE_SYS_MMAN_H 1
| #define HAVE_SYS_PARAM_H 1
| #define HAVE_SYS_RANDOM_H 1
| #define HAVE_SYS_AUXV_H 1
| #define NATIVE_LITTLE_ENDIAN 1
| #define HAVE_INLINE_ASM 1
| #define HAVE_AMD64_ASM 1
| #define HAVE_AVX_ASM 1
| #define HAVE_TI_MODE 1
| #define HAVE_CPUID 1
| /* end confdefs.h.  */
| 
| int
| main (void)
| {
| 
| __asm__ __volatile__ (".private_extern dummy_symbol \n"
|                       ".private_extern _dummy_symbol \n"
|                       ".globl dummy_symbol \n"
|                       ".globl _dummy_symbol \n"
|                       "dummy_symbol: \n"
|                       "_dummy_symbol: \n"
|                       "    nop \n"
| );
| 
|   ;
|   return 0;
| }
configure:20261: result: no
configure:20267: checking if the .hidden asm directive is supported
configure:20289: /usr/bin/cc -o conftest -g -O2 -pthread -fvisibility=hidden -fPIC -fPIE -fno-strict-aliasing -fno-strict-overflow -fstack-protector -ftls-model=local-dynamic   -pie -Wl,-z,relro -Wl,-z,now -Wl,-z,noexecstack conftest.c -lpthread  >&5
configure:20289: $? = 0
configure:20291: result: yes
configure:20320: checking if weak symbols are supported
configure:20340: /usr/bin/cc -o conftest -g -O2 -pthread -fvisibility=hidden -fPIC -fPIE -fno-strict-aliasing -fno-strict-overflow -fstack-protector -ftls-model=local-dynamic   -pie -Wl,-z,relro -Wl,-z,now -Wl,-z,noexecstack conftest.c -lpthread  >&5
configure:20340: $? = 0
configure:20342: result: yes
configure:20354: checking if atomic operations are supported
configure:20372: /usr/bin/cc -o conftest -g -O2 -pthread -fvisibility=hidden -fPIC -fPIE -fno-strict-aliasing -fno-strict-overflow -fstack-protector -ftls-model=local-dynamic   -pie -Wl,-z,relro -Wl,-z,now -Wl,-z,noexecstack conftest.c -lpthread  >&5
configure:20372: $? = 0
configure:20374: result: yes
configure:20386: checking if C11 memory fences are supported
configure:20404: /usr/bin/cc -o conftest -g -O2 -pthread -fvisibility=hidden -fPIC -fPIE -fno-strict-aliasing -fno-strict-overflow -fstack-protector -ftls-model=local-dynamic   -pie -Wl,-z,relro -Wl,-z,now -Wl,-z,noexecstack conftest.c -lpthread  >&5
configure:20404: $? = 0
configure:20406: result: yes
configure:20418: checking if gcc memory fences are supported
configure:20434: /usr/bin/cc -o conftest -g -O2 -pthread -fvisibility=hidden -fPIC -fPIE -fno-strict-aliasing -fno-strict-overflow -fstack-protector -ftls-model=local-dynamic   -pie -Wl,-z,relro -Wl,-z,now -Wl,-z,noexecstack conftest.c -lpthread  >&5
configure:20434: $? = 0
configure:20436: result: yes
configure:20449: checking for size_t
configure:20449: /usr/bin/cc -c -g -O2 -pthread -fvisibility=hidden -fPIC -fPIE -fno-strict-aliasing -fno-strict-overflow -fstack-protector -ftls-model=local-dynamic  conftest.c >&5
configure:20449: $? = 0
configure:20449: /usr/bin/cc -c -g -O2 -pthread -fvisibility=hidden -fPIC -fPIE -fno-strict-aliasing -fno-strict-overflow -fstack-protector -ftls-model=local-dynamic  conftest.c >&5
conftest.c: In function 'main':
conftest.c:102:21: error: expected expression before ')' token
  102 | if (sizeof ((size_t)))
      |                     ^
configure:20449: $? = 1
configure: failed program was:
| /* confdefs.h */
| #define PACKAGE_NAME "libsodium"
| #define PACKAGE_TARNAME "libsodium"
| #define PACKAGE_VERSION "1.0.18"
| #define PACKAGE_STRING "libsodium 1.0.18"
| #define PACKAGE_BUGREPORT "https://github.com/jedisct1/libsodium/issues"
| #define PACKAGE_URL "https://libsodium.org"
| #define PACKAGE "libsodium"
| #define VERSION "1.0.18"
| #define HAVE_STDIO_H 1
| #define HAVE_STDLIB_H 1
| #define HAVE_STRING_H 1
| #define HAVE_INTTYPES_H 1
| #define HAVE_STDINT_H 1
| #define HAVE_STRINGS_H 1
| #define HAVE_SYS_STAT_H 1
| #define HAVE_SYS_TYPES_H 1
| #define HAVE_UNISTD_H 1
| #define HAVE_WCHAR_H 1
| #define STDC_HEADERS 1
| #define _ALL_SOURCE 1
| #define _DARWIN_C_SOURCE 1
| #define _GNU_SOURCE 1
| #define _HPUX_ALT_XOPEN_SOCKET_API 1
| #define _NETBSD_SOURCE 1
| #define _OPENBSD_SOURCE 1
| #define _POSIX_PTHREAD_SEMANTICS 1
| #define __STDC_WANT_IEC_60559_ATTRIBS_EXT__ 1
| #define __STDC_WANT_IEC_60559_BFP_EXT__ 1
| #define __STDC_WANT_IEC_60559_DFP_EXT__ 1
| #define __STDC_WANT_IEC_60559_FUNCS_EXT__ 1
| #define __STDC_WANT_IEC_60559_TYPES_EXT__ 1
| #define __STDC_WANT_LIB_EXT2__ 1
| #define __STDC_WANT_MATH_SPEC_FUNCS__ 1
| #define _TANDEM_SOURCE 1
| #define __EXTENSIONS__ 1
| #define HAVE_PTHREAD_PRIO_INHERIT 1
| #define HAVE_PTHREAD 1
| #define HAVE_C_VARARRAYS 1
| #define HAVE_CATCHABLE_SEGV 1
| #define HAVE_CATCHABLE_ABRT 1
| #define TLS _Thread_local
| #define HAVE_DLFCN_H 1
| #define LT_OBJDIR ".libs/"
| #define HAVE_MMINTRIN_H 1
| #define HAVE_EMMINTRIN_H 1
| #define HAVE_PMMINTRIN_H 1
| #define HAVE_TMMINTRIN_H 1
| #define HAVE_SMMINTRIN_H 1
| #define HAVE_AVXINTRIN_H 1
| #define HAVE_AVX2INTRIN_H 1
| #define HAVE_AVX512FINTRIN_H 1
| #define HAVE_WMMINTRIN_H 1
| #define HAVE_RDRAND 1
| #define HAVE_SYS_MMAN_H 1
| #define HAVE_SYS_PARAM_H 1
| #define HAVE_SYS_RANDOM_H 1
| #define HAVE_SYS_AUXV_H 1
| #define NATIVE_LITTLE_ENDIAN 1
| #define HAVE_INLINE_ASM 1
| #define HAVE_AMD64_ASM 1
| #define HAVE_AVX_ASM 1
| #define HAVE_TI_MODE 1
| #define HAVE_CPUID 1
| #define ASM_HIDE_SYMBOL .hidden
| #define HAVE_WEAK_SYMBOLS 1
| #define HAVE_ATOMIC_OPS 1
| #define HAVE_C11_MEMORY_FENCES 1
| #define HAVE_GCC_MEMORY_FENCES 1
| /* end confdefs.h.  */
| #include <stddef.h>
| #ifdef HAVE_STDIO_H
| # include <stdio.h>
| #endif
| #ifdef HAVE_STDLIB_H
| # include <stdlib.h>
| #endif
| #ifdef HAVE_STRING_H
| # include <string.h>
| #endif
| #ifdef HAVE_INTTYPES_H
| # include <inttypes.h>
| #endif
| #ifdef HAVE_STDINT_H
| # include <stdint.h>
| #endif
| #ifdef HAVE_STRINGS_H
| # include <strings.h>
| #endif
| #ifdef HAVE_SYS_TYPES_H
| # include <sys/types.h>
| #endif
| #ifdef HAVE_SYS_STAT_H
| # include <sys/stat.h>
| #endif
| #ifdef HAVE_UNISTD_H
| # include <unistd.h>
| #endif
| int
| main (void)
| {
| if (sizeof ((size_t)))
| 	    return 0;
|   ;
|   return 0;
| }
configure:20449: result: yes
configure:20461: checking for working alloca.h
configure:20479: /usr/bin/cc -o conftest -g -O2 -pthread -fvisibility=hidden -fPIC -fPIE -fno-strict-aliasing -fno-strict-overflow -fstack-protector -ftls-model=local-dynamic   -pie -Wl,-z,relro -Wl,-z,now -Wl,-z,noexecstack conftest.c -lpthread  >&5
configure:20479: $? = 0
configure:20488: result: yes
configure:20496: checking for alloca
configure:20541: result: yes
configure:20611: checking for arc4random
configure:20611: /usr/bin/cc -o conftest -g -O2 -pthread -fvisibility=hidden -fPIC -fPIE -fno-strict-aliasing -fno-strict-overflow -fstack-protector -ftls-model=local-dynamic   -pie -Wl,-z,relro -Wl,-z,now -Wl,-z,noexecstack conftest.c -lpthread  >&5
configure:20611: $? = 0
configure:20611: result: yes
configure:20617: checking for arc4random_buf
configure:20617: /usr/bin/cc -o conftest -g -O2 -pthread -fvisibility=hidden -fPIC -fPIE -fno-strict-aliasing -fno-strict-overflow -fstack-protector -ftls-model=local-dynamic   -pie -Wl,-z,relro -Wl,-z,now -Wl,-z,noexecstack conftest.c -lpthread  >&5
configure:20617: $? = 0
configure:20617: result: yes
configure:20627: checking for mmap
configure:20627: /usr/bin/cc -o conftest -g -O2 -pthread -fvisibility=hidden -fPIC -fPIE -fno-strict-aliasing -fno-strict-overflow -fstack-protector -ftls-model=local-dynamic   -pie -Wl,-z,relro -Wl,-z,now -Wl,-z,noexecstack conftest.c -lpthread  >&5
configure:20627: $? = 0
configure:20627: result: yes
configure:20633: checking for mlock
configure:20633: /usr/bin/cc -o conftest -g -O2 -pthread -fvisibility=hidden -fPIC -fPIE -fno-strict-aliasing -fno-strict-overflow -fstack-protector -ftls-model=local-dynamic   -pie -Wl,-z,relro -Wl,-z,now -Wl,-z,noexecstack conftest.c -lpthread  >&5
configure:20633: $? = 0
configure:20633: result: yes
configure:20639: checking for madvise
configure:20639: /usr/bin/cc -o conftest -g -O2 -pthread -fvisibility=hidden -fPIC -fPIE -fno-strict-aliasing -fno-strict-overflow -fstack-protector -ftls-model=local-dynamic   -pie -Wl,-z,relro -Wl,-z,now -Wl,-z,noexecstack conftest.c -lpthread  >&5
configure:20639: $? = 0
configure:20639: result: yes
configure:20645: checking for mprotect
configure:20645: /usr/bin/cc -o conftest -g -O2 -pthread -fvisibility=hidden -fPIC -fPIE -fno-strict-aliasing -fno-strict-overflow -fstack-protector -ftls-model=local-dynamic   -pie -Wl,-z,relro -Wl,-z,now -Wl,-z,noexecstack conftest.c -lpthread  >&5
configure:20645: $? = 0
configure:20645: result: yes
configure:20652: checking for raise
configure:20652: /usr/bin/cc -o conftest -g -O2 -pthread -fvisibility=hidden -fPIC -fPIE -fno-strict-aliasing -fno-strict-overflow -fstack-protector -ftls-model=local-dynamic   -pie -Wl,-z,relro -Wl,-z,now -Wl,-z,noexecstack conftest.c -lpthread  >&5
configure:20652: $? = 0
configure:20652: result: yes
configure:20659: checking for sysconf
configure:20659: /usr/bin/cc -o conftest -g -O2 -pthread -fvisibility=hidden -fPIC -fPIE -fno-strict-aliasing -fno-strict-overflow -fstack-protector -ftls-model=local-dynamic   -pie -Wl,-z,relro -Wl,-z,now -Wl,-z,noexecstack conftest.c -lpthread  >&5
configure:20659: $? = 0
configure:20659: result: yes
configure:20668: checking for getrandom with a standard API
configure:20694: /usr/bin/cc -o conftest -g -O2 -pthread -fvisibility=hidden -fPIC -fPIE -fno-strict-aliasing -fno-strict-overflow -fstack-protector -ftls-model=local-dynamic   -pie -Wl,-z,relro -Wl,-z,now -Wl,-z,noexecstack conftest.c -lpthread  >&5
conftest.c: In function 'main':
conftest.c:96:10: warning: ignoring return value of 'getrandom' declared with attribute 'warn_unused_result' [-Wunused-result]
   96 |   (void) getrandom((void *) &buf, 1U, 0U);
      |          ^~~~~~~~~~~~~~~~~~~~~~~~~~~~~~~~
configure:20694: $? = 0
configure:20696: result: yes
configure:20698: checking for getrandom
configure:20698: /usr/bin/cc -o conftest -g -O2 -pthread -fvisibility=hidden -fPIC -fPIE -fno-strict-aliasing -fno-strict-overflow -fstack-protector -ftls-model=local-dynamic   -pie -Wl,-z,relro -Wl,-z,now -Wl,-z,noexecstack conftest.c -lpthread  >&5
configure:20698: $? = 0
configure:20698: result: yes
configure:20713: checking for getentropy with a standard API
configure:20739: /usr/bin/cc -o conftest -g -O2 -pthread -fvisibility=hidden -fPIC -fPIE -fno-strict-aliasing -fno-strict-overflow -fstack-protector -ftls-model=local-dynamic   -pie -Wl,-z,relro -Wl,-z,now -Wl,-z,noexecstack conftest.c -lpthread  >&5
conftest.c: In function 'main':
conftest.c:97:10: warning: ignoring return value of 'getentropy' declared with attribute 'warn_unused_result' [-Wunused-result]
   97 |   (void) getentropy((void *) &buf, 1U);
      |          ^~~~~~~~~~~~~~~~~~~~~~~~~~~~~
configure:20739: $? = 0
configure:20741: result: yes
configure:20743: checking for getentropy
configure:20743: /usr/bin/cc -o conftest -g -O2 -pthread -fvisibility=hidden -fPIC -fPIE -fno-strict-aliasing -fno-strict-overflow -fstack-protector -ftls-model=local-dynamic   -pie -Wl,-z,relro -Wl,-z,now -Wl,-z,noexecstack conftest.c -lpthread  >&5
configure:20743: $? = 0
configure:20743: result: yes
configure:20763: checking for getpid
configure:20763: /usr/bin/cc -o conftest -g -O2 -pthread -fvisibility=hidden -fPIC -fPIE -fno-strict-aliasing -fno-strict-overflow -fstack-protector -ftls-model=local-dynamic   -pie -Wl,-z,relro -Wl,-z,now -Wl,-z,noexecstack conftest.c -lpthread  >&5
configure:20763: $? = 0
configure:20763: result: yes
configure:20770: checking for getauxva
configure:20770: /usr/bin/cc -o conftest -g -O2 -pthread -fvisibility=hidden -fPIC -fPIE -fno-strict-aliasing -fno-strict-overflow -fstack-protector -ftls-model=local-dynamic   -pie -Wl,-z,relro -Wl,-z,now -Wl,-z,noexecstack conftest.c -lpthread  >&5
/usr/bin/ld: /tmp/cc8gc3Sm.o: in function `main':
/jty/xyx1/vole_pdc2_repro/deps/volepsi/out/libsodium/conftest.c:111:(.text.startup+0xb): undefined reference to `getauxva'
collect2: error: ld returned 1 exit status
configure:20770: $? = 1
configure: failed program was:
| /* confdefs.h */
| #define PACKAGE_NAME "libsodium"
| #define PACKAGE_TARNAME "libsodium"
| #define PACKAGE_VERSION "1.0.18"
| #define PACKAGE_STRING "libsodium 1.0.18"
| #define PACKAGE_BUGREPORT "https://github.com/jedisct1/libsodium/issues"
| #define PACKAGE_URL "https://libsodium.org"
| #define PACKAGE "libsodium"
| #define VERSION "1.0.18"
| #define HAVE_STDIO_H 1
| #define HAVE_STDLIB_H 1
| #define HAVE_STRING_H 1
| #define HAVE_INTTYPES_H 1
| #define HAVE_STDINT_H 1
| #define HAVE_STRINGS_H 1
| #define HAVE_SYS_STAT_H 1
| #define HAVE_SYS_TYPES_H 1
| #define HAVE_UNISTD_H 1
| #define HAVE_WCHAR_H 1
| #define STDC_HEADERS 1
| #define _ALL_SOURCE 1
| #define _DARWIN_C_SOURCE 1
| #define _GNU_SOURCE 1
| #define _HPUX_ALT_XOPEN_SOCKET_API 1
| #define _NETBSD_SOURCE 1
| #define _OPENBSD_SOURCE 1
| #define _POSIX_PTHREAD_SEMANTICS 1
| #define __STDC_WANT_IEC_60559_ATTRIBS_EXT__ 1
| #define __STDC_WANT_IEC_60559_BFP_EXT__ 1
| #define __STDC_WANT_IEC_60559_DFP_EXT__ 1
| #define __STDC_WANT_IEC_60559_FUNCS_EXT__ 1
| #define __STDC_WANT_IEC_60559_TYPES_EXT__ 1
| #define __STDC_WANT_LIB_EXT2__ 1
| #define __STDC_WANT_MATH_SPEC_FUNCS__ 1
| #define _TANDEM_SOURCE 1
| #define __EXTENSIONS__ 1
| #define HAVE_PTHREAD_PRIO_INHERIT 1
| #define HAVE_PTHREAD 1
| #define HAVE_C_VARARRAYS 1
| #define HAVE_CATCHABLE_SEGV 1
| #define HAVE_CATCHABLE_ABRT 1
| #define TLS _Thread_local
| #define HAVE_DLFCN_H 1
| #define LT_OBJDIR ".libs/"
| #define HAVE_MMINTRIN_H 1
| #define HAVE_EMMINTRIN_H 1
| #define HAVE_PMMINTRIN_H 1
| #define HAVE_TMMINTRIN_H 1
| #define HAVE_SMMINTRIN_H 1
| #define HAVE_AVXINTRIN_H 1
| #define HAVE_AVX2INTRIN_H 1
| #define HAVE_AVX512FINTRIN_H 1
| #define HAVE_WMMINTRIN_H 1
| #define HAVE_RDRAND 1
| #define HAVE_SYS_MMAN_H 1
| #define HAVE_SYS_PARAM_H 1
| #define HAVE_SYS_RANDOM_H 1
| #define HAVE_SYS_AUXV_H 1
| #define NATIVE_LITTLE_ENDIAN 1
| #define HAVE_INLINE_ASM 1
| #define HAVE_AMD64_ASM 1
| #define HAVE_AVX_ASM 1
| #define HAVE_TI_MODE 1
| #define HAVE_CPUID 1
| #define ASM_HIDE_SYMBOL .hidden
| #define HAVE_WEAK_SYMBOLS 1
| #define HAVE_ATOMIC_OPS 1
| #define HAVE_C11_MEMORY_FENCES 1
| #define HAVE_GCC_MEMORY_FENCES 1
| #define HAVE_ALLOCA_H 1
| #define HAVE_ALLOCA 1
| #define HAVE_ARC4RANDOM 1
| #define HAVE_ARC4RANDOM_BUF 1
| #define HAVE_MMAP 1
| #define HAVE_MLOCK 1
| #define HAVE_MADVISE 1
| #define HAVE_MPROTECT 1
| #define HAVE_RAISE 1
| #define HAVE_SYSCONF 1
| #define HAVE_GETRANDOM 1
| #define HAVE_GETENTROPY 1
| #define HAVE_GETPID 1
| /* end confdefs.h.  */
| /* Define getauxva to an innocuous variant, in case <limits.h> declares getauxva.
|    For example, HP-UX 11i <limits.h> declares gettimeofday.  */
| #define getauxva innocuous_getauxva
| 
| /* System header to define __stub macros and hopefully few prototypes,
|    which can conflict with char getauxva (); below.  */
| 
| #include <limits.h>
| #undef getauxva
| 
| /* Override any GCC internal prototype to avoid an error.
|    Use char because int might match the return type of a GCC
|    builtin and then its argument prototype would still apply.  */
| #ifdef __cplusplus
| extern "C"
| #endif
| char getauxva ();
| /* The GNU C library defines this for functions which it implements
|     to always fail with ENOSYS.  Some functions are actually named
|     something starting with __ and the normal name is an alias.  */
| #if defined __stub_getauxva || defined __stub___getauxva
| choke me
| #endif
| 
| int
| main (void)
| {
| return getauxva ();
|   ;
|   return 0;
| }
configure:20770: result: no
configure:20776: checking for elf_aux_info
configure:20776: /usr/bin/cc -o conftest -g -O2 -pthread -fvisibility=hidden -fPIC -fPIE -fno-strict-aliasing -fno-strict-overflow -fstack-protector -ftls-model=local-dynamic   -pie -Wl,-z,relro -Wl,-z,now -Wl,-z,noexecstack conftest.c -lpthread  >&5
/usr/bin/ld: /tmp/ccxDV3ZM.o: in function `main':
/jty/xyx1/vole_pdc2_repro/deps/volepsi/out/libsodium/conftest.c:111:(.text.startup+0xb): undefined reference to `elf_aux_info'
collect2: error: ld returned 1 exit status
configure:20776: $? = 1
configure: failed program was:
| /* confdefs.h */
| #define PACKAGE_NAME "libsodium"
| #define PACKAGE_TARNAME "libsodium"
| #define PACKAGE_VERSION "1.0.18"
| #define PACKAGE_STRING "libsodium 1.0.18"
| #define PACKAGE_BUGREPORT "https://github.com/jedisct1/libsodium/issues"
| #define PACKAGE_URL "https://libsodium.org"
| #define PACKAGE "libsodium"
| #define VERSION "1.0.18"
| #define HAVE_STDIO_H 1
| #define HAVE_STDLIB_H 1
| #define HAVE_STRING_H 1
| #define HAVE_INTTYPES_H 1
| #define HAVE_STDINT_H 1
| #define HAVE_STRINGS_H 1
| #define HAVE_SYS_STAT_H 1
| #define HAVE_SYS_TYPES_H 1
| #define HAVE_UNISTD_H 1
| #define HAVE_WCHAR_H 1
| #define STDC_HEADERS 1
| #define _ALL_SOURCE 1
| #define _DARWIN_C_SOURCE 1
| #define _GNU_SOURCE 1
| #define _HPUX_ALT_XOPEN_SOCKET_API 1
| #define _NETBSD_SOURCE 1
| #define _OPENBSD_SOURCE 1
| #define _POSIX_PTHREAD_SEMANTICS 1
| #define __STDC_WANT_IEC_60559_ATTRIBS_EXT__ 1
| #define __STDC_WANT_IEC_60559_BFP_EXT__ 1
| #define __STDC_WANT_IEC_60559_DFP_EXT__ 1
| #define __STDC_WANT_IEC_60559_FUNCS_EXT__ 1
| #define __STDC_WANT_IEC_60559_TYPES_EXT__ 1
| #define __STDC_WANT_LIB_EXT2__ 1
| #define __STDC_WANT_MATH_SPEC_FUNCS__ 1
| #define _TANDEM_SOURCE 1
| #define __EXTENSIONS__ 1
| #define HAVE_PTHREAD_PRIO_INHERIT 1
| #define HAVE_PTHREAD 1
| #define HAVE_C_VARARRAYS 1
| #define HAVE_CATCHABLE_SEGV 1
| #define HAVE_CATCHABLE_ABRT 1
| #define TLS _Thread_local
| #define HAVE_DLFCN_H 1
| #define LT_OBJDIR ".libs/"
| #define HAVE_MMINTRIN_H 1
| #define HAVE_EMMINTRIN_H 1
| #define HAVE_PMMINTRIN_H 1
| #define HAVE_TMMINTRIN_H 1
| #define HAVE_SMMINTRIN_H 1
| #define HAVE_AVXINTRIN_H 1
| #define HAVE_AVX2INTRIN_H 1
| #define HAVE_AVX512FINTRIN_H 1
| #define HAVE_WMMINTRIN_H 1
| #define HAVE_RDRAND 1
| #define HAVE_SYS_MMAN_H 1
| #define HAVE_SYS_PARAM_H 1
| #define HAVE_SYS_RANDOM_H 1
| #define HAVE_SYS_AUXV_H 1
| #define NATIVE_LITTLE_ENDIAN 1
| #define HAVE_INLINE_ASM 1
| #define HAVE_AMD64_ASM 1
| #define HAVE_AVX_ASM 1
| #define HAVE_TI_MODE 1
| #define HAVE_CPUID 1
| #define ASM_HIDE_SYMBOL .hidden
| #define HAVE_WEAK_SYMBOLS 1
| #define HAVE_ATOMIC_OPS 1
| #define HAVE_C11_MEMORY_FENCES 1
| #define HAVE_GCC_MEMORY_FENCES 1
| #define HAVE_ALLOCA_H 1
| #define HAVE_ALLOCA 1
| #define HAVE_ARC4RANDOM 1
| #define HAVE_ARC4RANDOM_BUF 1
| #define HAVE_MMAP 1
| #define HAVE_MLOCK 1
| #define HAVE_MADVISE 1
| #define HAVE_MPROTECT 1
| #define HAVE_RAISE 1
| #define HAVE_SYSCONF 1
| #define HAVE_GETRANDOM 1
| #define HAVE_GETENTROPY 1
| #define HAVE_GETPID 1
| /* end confdefs.h.  */
| /* Define elf_aux_info to an innocuous variant, in case <limits.h> declares elf_aux_info.
|    For example, HP-UX 11i <limits.h> declares gettimeofday.  */
| #define elf_aux_info innocuous_elf_aux_info
| 
| /* System header to define __stub macros and hopefully few prototypes,
|    which can conflict with char elf_aux_info (); below.  */
| 
| #include <limits.h>
| #undef elf_aux_info
| 
| /* Override any GCC internal prototype to avoid an error.
|    Use char because int might match the return type of a GCC
|    builtin and then its argument prototype would still apply.  */
| #ifdef __cplusplus
| extern "C"
| #endif
| char elf_aux_info ();
| /* The GNU C library defines this for functions which it implements
|     to always fail with ENOSYS.  Some functions are actually named
|     something starting with __ and the normal name is an alias.  */
| #if defined __stub_elf_aux_info || defined __stub___elf_aux_info
| choke me
| #endif
| 
| int
| main (void)
| {
| return elf_aux_info ();
|   ;
|   return 0;
| }
configure:20776: result: no
configure:20786: checking for posix_memalign
configure:20786: /usr/bin/cc -o conftest -g -O2 -pthread -fvisibility=hidden -fPIC -fPIE -fno-strict-aliasing -fno-strict-overflow -fstack-protector -ftls-model=local-dynamic   -pie -Wl,-z,relro -Wl,-z,now -Wl,-z,noexecstack conftest.c -lpthread  >&5
conftest.c:100:6: warning: conflicting types for built-in function 'posix_memalign'; expected 'int(void **, long unsigned int,  long unsigned int)' [-Wbuiltin-declaration-mismatch]
  100 | char posix_memalign ();
      |      ^~~~~~~~~~~~~~
configure:20786: $? = 0
configure:20786: result: yes
configure:20792: checking for nanosleep
configure:20792: /usr/bin/cc -o conftest -g -O2 -pthread -fvisibility=hidden -fPIC -fPIE -fno-strict-aliasing -fno-strict-overflow -fstack-protector -ftls-model=local-dynamic   -pie -Wl,-z,relro -Wl,-z,now -Wl,-z,noexecstack conftest.c -lpthread  >&5
configure:20792: $? = 0
configure:20792: result: yes
configure:20803: checking for memset_s
configure:20803: /usr/bin/cc -o conftest -g -O2 -pthread -fvisibility=hidden -fPIC -fPIE -fno-strict-aliasing -fno-strict-overflow -fstack-protector -ftls-model=local-dynamic   -pie -Wl,-z,relro -Wl,-z,now -Wl,-z,noexecstack conftest.c -lpthread  >&5
/usr/bin/ld: /tmp/ccV6Qb6p.o: in function `main':
/jty/xyx1/vole_pdc2_repro/deps/volepsi/out/libsodium/conftest.c:113:(.text.startup+0xb): undefined reference to `memset_s'
collect2: error: ld returned 1 exit status
configure:20803: $? = 1
configure: failed program was:
| /* confdefs.h */
| #define PACKAGE_NAME "libsodium"
| #define PACKAGE_TARNAME "libsodium"
| #define PACKAGE_VERSION "1.0.18"
| #define PACKAGE_STRING "libsodium 1.0.18"
| #define PACKAGE_BUGREPORT "https://github.com/jedisct1/libsodium/issues"
| #define PACKAGE_URL "https://libsodium.org"
| #define PACKAGE "libsodium"
| #define VERSION "1.0.18"
| #define HAVE_STDIO_H 1
| #define HAVE_STDLIB_H 1
| #define HAVE_STRING_H 1
| #define HAVE_INTTYPES_H 1
| #define HAVE_STDINT_H 1
| #define HAVE_STRINGS_H 1
| #define HAVE_SYS_STAT_H 1
| #define HAVE_SYS_TYPES_H 1
| #define HAVE_UNISTD_H 1
| #define HAVE_WCHAR_H 1
| #define STDC_HEADERS 1
| #define _ALL_SOURCE 1
| #define _DARWIN_C_SOURCE 1
| #define _GNU_SOURCE 1
| #define _HPUX_ALT_XOPEN_SOCKET_API 1
| #define _NETBSD_SOURCE 1
| #define _OPENBSD_SOURCE 1
| #define _POSIX_PTHREAD_SEMANTICS 1
| #define __STDC_WANT_IEC_60559_ATTRIBS_EXT__ 1
| #define __STDC_WANT_IEC_60559_BFP_EXT__ 1
| #define __STDC_WANT_IEC_60559_DFP_EXT__ 1
| #define __STDC_WANT_IEC_60559_FUNCS_EXT__ 1
| #define __STDC_WANT_IEC_60559_TYPES_EXT__ 1
| #define __STDC_WANT_LIB_EXT2__ 1
| #define __STDC_WANT_MATH_SPEC_FUNCS__ 1
| #define _TANDEM_SOURCE 1
| #define __EXTENSIONS__ 1
| #define HAVE_PTHREAD_PRIO_INHERIT 1
| #define HAVE_PTHREAD 1
| #define HAVE_C_VARARRAYS 1
| #define HAVE_CATCHABLE_SEGV 1
| #define HAVE_CATCHABLE_ABRT 1
| #define TLS _Thread_local
| #define HAVE_DLFCN_H 1
| #define LT_OBJDIR ".libs/"
| #define HAVE_MMINTRIN_H 1
| #define HAVE_EMMINTRIN_H 1
| #define HAVE_PMMINTRIN_H 1
| #define HAVE_TMMINTRIN_H 1
| #define HAVE_SMMINTRIN_H 1
| #define HAVE_AVXINTRIN_H 1
| #define HAVE_AVX2INTRIN_H 1
| #define HAVE_AVX512FINTRIN_H 1
| #define HAVE_WMMINTRIN_H 1
| #define HAVE_RDRAND 1
| #define HAVE_SYS_MMAN_H 1
| #define HAVE_SYS_PARAM_H 1
| #define HAVE_SYS_RANDOM_H 1
| #define HAVE_SYS_AUXV_H 1
| #define NATIVE_LITTLE_ENDIAN 1
| #define HAVE_INLINE_ASM 1
| #define HAVE_AMD64_ASM 1
| #define HAVE_AVX_ASM 1
| #define HAVE_TI_MODE 1
| #define HAVE_CPUID 1
| #define ASM_HIDE_SYMBOL .hidden
| #define HAVE_WEAK_SYMBOLS 1
| #define HAVE_ATOMIC_OPS 1
| #define HAVE_C11_MEMORY_FENCES 1
| #define HAVE_GCC_MEMORY_FENCES 1
| #define HAVE_ALLOCA_H 1
| #define HAVE_ALLOCA 1
| #define HAVE_ARC4RANDOM 1
| #define HAVE_ARC4RANDOM_BUF 1
| #define HAVE_MMAP 1
| #define HAVE_MLOCK 1
| #define HAVE_MADVISE 1
| #define HAVE_MPROTECT 1
| #define HAVE_RAISE 1
| #define HAVE_SYSCONF 1
| #define HAVE_GETRANDOM 1
| #define HAVE_GETENTROPY 1
| #define HAVE_GETPID 1
| #define HAVE_POSIX_MEMALIGN 1
| #define HAVE_NANOSLEEP 1
| /* end confdefs.h.  */
| /* Define memset_s to an innocuous variant, in case <limits.h> declares memset_s.
|    For example, HP-UX 11i <limits.h> declares gettimeofday.  */
| #define memset_s innocuous_memset_s
| 
| /* System header to define __stub macros and hopefully few prototypes,
|    which can conflict with char memset_s (); below.  */
| 
| #include <limits.h>
| #undef memset_s
| 
| /* Override any GCC internal prototype to avoid an error.
|    Use char because int might match the return type of a GCC
|    builtin and then its argument prototype would still apply.  */
| #ifdef __cplusplus
| extern "C"
| #endif
| char memset_s ();
| /* The GNU C library defines this for functions which it implements
|     to always fail with ENOSYS.  Some functions are actually named
|     something starting with __ and the normal name is an alias.  */
| #if defined __stub_memset_s || defined __stub___memset_s
| choke me
| #endif
| 
| int
| main (void)
| {
| return memset_s ();
|   ;
|   return 0;
| }
configure:20803: result: no
configure:20809: checking for explicit_bzero
configure:20809: /usr/bin/cc -o conftest -g -O2 -pthread -fvisibility=hidden -fPIC -fPIE -fno-strict-aliasing -fno-strict-overflow -fstack-protector -ftls-model=local-dynamic   -pie -Wl,-z,relro -Wl,-z,now -Wl,-z,noexecstack conftest.c -lpthread  >&5
configure:20809: $? = 0
configure:20809: result: yes
configure:20815: checking for explicit_memset
configure:20815: /usr/bin/cc -o conftest -g -O2 -pthread -fvisibility=hidden -fPIC -fPIE -fno-strict-aliasing -fno-strict-overflow -fstack-protector -ftls-model=local-dynamic   -pie -Wl,-z,relro -Wl,-z,now -Wl,-z,noexecstack conftest.c -lpthread  >&5
/usr/bin/ld: /tmp/ccCxuCcA.o: in function `main':
/jty/xyx1/vole_pdc2_repro/deps/volepsi/out/libsodium/conftest.c:114:(.text.startup+0xb): undefined reference to `explicit_memset'
collect2: error: ld returned 1 exit status
configure:20815: $? = 1
configure: failed program was:
| /* confdefs.h */
| #define PACKAGE_NAME "libsodium"
| #define PACKAGE_TARNAME "libsodium"
| #define PACKAGE_VERSION "1.0.18"
| #define PACKAGE_STRING "libsodium 1.0.18"
| #define PACKAGE_BUGREPORT "https://github.com/jedisct1/libsodium/issues"
| #define PACKAGE_URL "https://libsodium.org"
| #define PACKAGE "libsodium"
| #define VERSION "1.0.18"
| #define HAVE_STDIO_H 1
| #define HAVE_STDLIB_H 1
| #define HAVE_STRING_H 1
| #define HAVE_INTTYPES_H 1
| #define HAVE_STDINT_H 1
| #define HAVE_STRINGS_H 1
| #define HAVE_SYS_STAT_H 1
| #define HAVE_SYS_TYPES_H 1
| #define HAVE_UNISTD_H 1
| #define HAVE_WCHAR_H 1
| #define STDC_HEADERS 1
| #define _ALL_SOURCE 1
| #define _DARWIN_C_SOURCE 1
| #define _GNU_SOURCE 1
| #define _HPUX_ALT_XOPEN_SOCKET_API 1
| #define _NETBSD_SOURCE 1
| #define _OPENBSD_SOURCE 1
| #define _POSIX_PTHREAD_SEMANTICS 1
| #define __STDC_WANT_IEC_60559_ATTRIBS_EXT__ 1
| #define __STDC_WANT_IEC_60559_BFP_EXT__ 1
| #define __STDC_WANT_IEC_60559_DFP_EXT__ 1
| #define __STDC_WANT_IEC_60559_FUNCS_EXT__ 1
| #define __STDC_WANT_IEC_60559_TYPES_EXT__ 1
| #define __STDC_WANT_LIB_EXT2__ 1
| #define __STDC_WANT_MATH_SPEC_FUNCS__ 1
| #define _TANDEM_SOURCE 1
| #define __EXTENSIONS__ 1
| #define HAVE_PTHREAD_PRIO_INHERIT 1
| #define HAVE_PTHREAD 1
| #define HAVE_C_VARARRAYS 1
| #define HAVE_CATCHABLE_SEGV 1
| #define HAVE_CATCHABLE_ABRT 1
| #define TLS _Thread_local
| #define HAVE_DLFCN_H 1
| #define LT_OBJDIR ".libs/"
| #define HAVE_MMINTRIN_H 1
| #define HAVE_EMMINTRIN_H 1
| #define HAVE_PMMINTRIN_H 1
| #define HAVE_TMMINTRIN_H 1
| #define HAVE_SMMINTRIN_H 1
| #define HAVE_AVXINTRIN_H 1
| #define HAVE_AVX2INTRIN_H 1
| #define HAVE_AVX512FINTRIN_H 1
| #define HAVE_WMMINTRIN_H 1
| #define HAVE_RDRAND 1
| #define HAVE_SYS_MMAN_H 1
| #define HAVE_SYS_PARAM_H 1
| #define HAVE_SYS_RANDOM_H 1
| #define HAVE_SYS_AUXV_H 1
| #define NATIVE_LITTLE_ENDIAN 1
| #define HAVE_INLINE_ASM 1
| #define HAVE_AMD64_ASM 1
| #define HAVE_AVX_ASM 1
| #define HAVE_TI_MODE 1
| #define HAVE_CPUID 1
| #define ASM_HIDE_SYMBOL .hidden
| #define HAVE_WEAK_SYMBOLS 1
| #define HAVE_ATOMIC_OPS 1
| #define HAVE_C11_MEMORY_FENCES 1
| #define HAVE_GCC_MEMORY_FENCES 1
| #define HAVE_ALLOCA_H 1
| #define HAVE_ALLOCA 1
| #define HAVE_ARC4RANDOM 1
| #define HAVE_ARC4RANDOM_BUF 1
| #define HAVE_MMAP 1
| #define HAVE_MLOCK 1
| #define HAVE_MADVISE 1
| #define HAVE_MPROTECT 1
| #define HAVE_RAISE 1
| #define HAVE_SYSCONF 1
| #define HAVE_GETRANDOM 1
| #define HAVE_GETENTROPY 1
| #define HAVE_GETPID 1
| #define HAVE_POSIX_MEMALIGN 1
| #define HAVE_NANOSLEEP 1
| #define HAVE_EXPLICIT_BZERO 1
| /* end confdefs.h.  */
| /* Define explicit_memset to an innocuous variant, in case <limits.h> declares explicit_memset.
|    For example, HP-UX 11i <limits.h> declares gettimeofday.  */
| #define explicit_memset innocuous_explicit_memset
| 
| /* System header to define __stub macros and hopefully few prototypes,
|    which can conflict with char explicit_memset (); below.  */
| 
| #include <limits.h>
| #undef explicit_memset
| 
| /* Override any GCC internal prototype to avoid an error.
|    Use char because int might match the return type of a GCC
|    builtin and then its argument prototype would still apply.  */
| #ifdef __cplusplus
| extern "C"
| #endif
| char explicit_memset ();
| /* The GNU C library defines this for functions which it implements
|     to always fail with ENOSYS.  Some functions are actually named
|     something starting with __ and the normal name is an alias.  */
| #if defined __stub_explicit_memset || defined __stub___explicit_memset
| choke me
| #endif
| 
| int
| main (void)
| {
| return explicit_memset ();
|   ;
|   return 0;
| }
configure:20815: result: no
configure:20860: checking if gcc/ld supports -Wl,--output-def
configure:20882: /usr/bin/cc -o conftest -g -O2 -pthread -fvisibility=hidden -fPIC -fPIE -fno-strict-aliasing -fno-strict-overflow -fstack-protector -ftls-model=local-dynamic  -Wl,--output-def,conftest.def conftest.c -lpthread  >&5
/usr/bin/ld: unrecognized option '--output-def'
/usr/bin/ld: use the --help option for usage information
collect2: error: ld returned 1 exit status
configure:20882: $? = 1
configure: failed program was:
| /* confdefs.h */
| #define PACKAGE_NAME "libsodium"
| #define PACKAGE_TARNAME "libsodium"
| #define PACKAGE_VERSION "1.0.18"
| #define PACKAGE_STRING "libsodium 1.0.18"
| #define PACKAGE_BUGREPORT "https://github.com/jedisct1/libsodium/issues"
| #define PACKAGE_URL "https://libsodium.org"
| #define PACKAGE "libsodium"
| #define VERSION "1.0.18"
| #define HAVE_STDIO_H 1
| #define HAVE_STDLIB_H 1
| #define HAVE_STRING_H 1
| #define HAVE_INTTYPES_H 1
| #define HAVE_STDINT_H 1
| #define HAVE_STRINGS_H 1
| #define HAVE_SYS_STAT_H 1
| #define HAVE_SYS_TYPES_H 1
| #define HAVE_UNISTD_H 1
| #define HAVE_WCHAR_H 1
| #define STDC_HEADERS 1
| #define _ALL_SOURCE 1
| #define _DARWIN_C_SOURCE 1
| #define _GNU_SOURCE 1
| #define _HPUX_ALT_XOPEN_SOCKET_API 1
| #define _NETBSD_SOURCE 1
| #define _OPENBSD_SOURCE 1
| #define _POSIX_PTHREAD_SEMANTICS 1
| #define __STDC_WANT_IEC_60559_ATTRIBS_EXT__ 1
| #define __STDC_WANT_IEC_60559_BFP_EXT__ 1
| #define __STDC_WANT_IEC_60559_DFP_EXT__ 1
| #define __STDC_WANT_IEC_60559_FUNCS_EXT__ 1
| #define __STDC_WANT_IEC_60559_TYPES_EXT__ 1
| #define __STDC_WANT_LIB_EXT2__ 1
| #define __STDC_WANT_MATH_SPEC_FUNCS__ 1
| #define _TANDEM_SOURCE 1
| #define __EXTENSIONS__ 1
| #define HAVE_PTHREAD_PRIO_INHERIT 1
| #define HAVE_PTHREAD 1
| #define HAVE_C_VARARRAYS 1
| #define HAVE_CATCHABLE_SEGV 1
| #define HAVE_CATCHABLE_ABRT 1
| #define TLS _Thread_local
| #define HAVE_DLFCN_H 1
| #define LT_OBJDIR ".libs/"
| #define HAVE_MMINTRIN_H 1
| #define HAVE_EMMINTRIN_H 1
| #define HAVE_PMMINTRIN_H 1
| #define HAVE_TMMINTRIN_H 1
| #define HAVE_SMMINTRIN_H 1
| #define HAVE_AVXINTRIN_H 1
| #define HAVE_AVX2INTRIN_H 1
| #define HAVE_AVX512FINTRIN_H 1
| #define HAVE_WMMINTRIN_H 1
| #define HAVE_RDRAND 1
| #define HAVE_SYS_MMAN_H 1
| #define HAVE_SYS_PARAM_H 1
| #define HAVE_SYS_RANDOM_H 1
| #define HAVE_SYS_AUXV_H 1
| #define NATIVE_LITTLE_ENDIAN 1
| #define HAVE_INLINE_ASM 1
| #define HAVE_AMD64_ASM 1
| #define HAVE_AVX_ASM 1
| #define HAVE_TI_MODE 1
| #define HAVE_CPUID 1
| #define ASM_HIDE_SYMBOL .hidden
| #define HAVE_WEAK_SYMBOLS 1
| #define HAVE_ATOMIC_OPS 1
| #define HAVE_C11_MEMORY_FENCES 1
| #define HAVE_GCC_MEMORY_FENCES 1
| #define HAVE_ALLOCA_H 1
| #define HAVE_ALLOCA 1
| #define HAVE_ARC4RANDOM 1
| #define HAVE_ARC4RANDOM_BUF 1
| #define HAVE_MMAP 1
| #define HAVE_MLOCK 1
| #define HAVE_MADVISE 1
| #define HAVE_MPROTECT 1
| #define HAVE_RAISE 1
| #define HAVE_SYSCONF 1
| #define HAVE_GETRANDOM 1
| #define HAVE_GETENTROPY 1
| #define HAVE_GETPID 1
| #define HAVE_POSIX_MEMALIGN 1
| #define HAVE_NANOSLEEP 1
| #define HAVE_EXPLICIT_BZERO 1
| #define CONFIGURED 1
| /* end confdefs.h.  */
| 
| int
| main (void)
| {
| 
|   ;
|   return 0;
| }
configure:20894: result: no
configure:21055: checking that generated files are newer than configure
configure:21061: result: done
configure:21124: creating ./config.status

## ---------------------- ##
## Running config.status. ##
## ---------------------- ##

This file was extended by libsodium config.status 1.0.18, which was
generated by GNU Autoconf 2.71.  Invocation command line was

  CONFIG_FILES    = 
  CONFIG_HEADERS  = 
  CONFIG_LINKS    = 
  CONFIG_COMMANDS = 
  $ ./config.status 

on ubuntu-SSINSPURMBX-XI6-E711

config.status:1103: creating Makefile
config.status:1103: creating builds/Makefile
config.status:1103: creating dist-build/Makefile
config.status:1103: creating libsodium.pc
config.status:1103: creating libsodium-uninstalled.pc
config.status:1103: creating msvc-scripts/Makefile
config.status:1103: creating src/Makefile
config.status:1103: creating src/libsodium/Makefile
config.status:1103: creating src/libsodium/include/Makefile
config.status:1103: creating src/libsodium/include/sodium/version.h
config.status:1103: creating test/default/Makefile
config.status:1103: creating test/Makefile
config.status:1275: executing depfiles commands
config.status:1352: cd src/libsodium       && sed -e '/# am--include-marker/d' Makefile         | make -f - am--depfiles
config.status:1357: $? = 0
config.status:1352: cd test/default       && sed -e '/# am--include-marker/d' Makefile         | make -f - am--depfiles
config.status:1357: $? = 0
config.status:1275: executing libtool commands

## ---------------- ##
## Cache variables. ##
## ---------------- ##

ac_cv_build=x86_64-pc-linux-gnu
ac_cv_c_bigendian=no
ac_cv_c_compiler_gnu=yes
ac_cv_c_inline=inline
ac_cv_c_vararrays=yes
ac_cv_defined___wasi__=no
ac_cv_env_AR_set=
ac_cv_env_AR_value=
ac_cv_env_CCASFLAGS_set=
ac_cv_env_CCASFLAGS_value=
ac_cv_env_CCAS_set=
ac_cv_env_CCAS_value=
ac_cv_env_CC_set=set
ac_cv_env_CC_value=/usr/bin/cc
ac_cv_env_CFLAGS_set=
ac_cv_env_CFLAGS_value=
ac_cv_env_CPPFLAGS_set=
ac_cv_env_CPPFLAGS_value=
ac_cv_env_CPP_set=
ac_cv_env_CPP_value=
ac_cv_env_CWFLAGS_set=
ac_cv_env_CWFLAGS_value=
ac_cv_env_LDFLAGS_set=
ac_cv_env_LDFLAGS_value=
ac_cv_env_LIBS_set=
ac_cv_env_LIBS_value=
ac_cv_env_LT_SYS_LIBRARY_PATH_set=
ac_cv_env_LT_SYS_LIBRARY_PATH_value=
ac_cv_env_SAFECODE_HOME_set=
ac_cv_env_SAFECODE_HOME_value=
ac_cv_env_build_alias_set=
ac_cv_env_build_alias_value=
ac_cv_env_host_alias_set=
ac_cv_env_host_alias_value=
ac_cv_env_target_alias_set=
ac_cv_env_target_alias_value=
ac_cv_func_alloca_works=yes
ac_cv_func_arc4random=yes
ac_cv_func_arc4random_buf=yes
ac_cv_func_elf_aux_info=no
ac_cv_func_explicit_bzero=yes
ac_cv_func_explicit_memset=no
ac_cv_func_getauxva=no
ac_cv_func_getentropy=yes
ac_cv_func_getpid=yes
ac_cv_func_getrandom=yes
ac_cv_func_madvise=yes
ac_cv_func_memset_s=no
ac_cv_func_mlock=yes
ac_cv_func_mmap=yes
ac_cv_func_mprotect=yes
ac_cv_func_nanosleep=yes
ac_cv_func_posix_memalign=yes
ac_cv_func_raise=yes
ac_cv_func_sysconf=yes
ac_cv_header_dlfcn_h=yes
ac_cv_header_intrin_h=no
ac_cv_header_inttypes_h=yes
ac_cv_header_minix_config_h=no
ac_cv_header_stdint_h=yes
ac_cv_header_stdio_h=yes
ac_cv_header_stdlib_h=yes
ac_cv_header_string_h=yes
ac_cv_header_strings_h=yes
ac_cv_header_sys_auxv_h=yes
ac_cv_header_sys_mman_h=yes
ac_cv_header_sys_param_h=yes
ac_cv_header_sys_random_h=yes
ac_cv_header_sys_stat_h=yes
ac_cv_header_sys_types_h=yes
ac_cv_header_unistd_h=yes
ac_cv_header_wchar_h=yes
ac_cv_host=x86_64-pc-linux-gnu
ac_cv_objext=o
ac_cv_path_EGREP='/usr/bin/grep -E'
ac_cv_path_FGREP='/usr/bin/grep -F'
ac_cv_path_GREP=/usr/bin/grep
ac_cv_path_SED=/usr/bin/sed
ac_cv_path_install='/usr/bin/install -c'
ac_cv_path_lt_DD=/usr/bin/dd
ac_cv_path_mkdir=/usr/bin/mkdir
ac_cv_prog_AWK=mawk
ac_cv_prog_CPP='/usr/bin/cc -E'
ac_cv_prog_ac_ct_AR=ar
ac_cv_prog_ac_ct_CC=/usr/bin/cc
ac_cv_prog_ac_ct_FILECMD=file
ac_cv_prog_ac_ct_MANIFEST_TOOL=mt
ac_cv_prog_ac_ct_OBJDUMP=objdump
ac_cv_prog_ac_ct_RANLIB=ranlib
ac_cv_prog_ac_ct_STRIP=strip
ac_cv_prog_cc_c11=
ac_cv_prog_cc_g=yes
ac_cv_prog_cc_stdc=
ac_cv_prog_make_make_set=yes
ac_cv_safe_to_define___extensions__=yes
ac_cv_should_define__xopen_source=no
ac_cv_target=x86_64-pc-linux-gnu
ac_cv_tls=_Thread_local
ac_cv_type_size_t=yes
ac_cv_working_alloca_h=yes
am_cv_CCAS_dependencies_compiler_type=gcc3
am_cv_CC_dependencies_compiler_type=gcc3
am_cv_make_support_nested_variables=yes
am_cv_prog_cc_c_o=yes
am_cv_prog_tar_ustar=gnutar
ax_cv_PTHREAD_CLANG=no
ax_cv_PTHREAD_JOINABLE_ATTR=PTHREAD_CREATE_JOINABLE
ax_cv_PTHREAD_PRIO_INHERIT=yes
ax_cv_PTHREAD_SPECIAL_FLAGS=no
ax_cv_check_cCATCHABLE_ABRT=yes
ax_cv_check_cCATCHABLE_SEGV=yes
ax_cv_check_cflags___fPIC=yes
ax_cv_check_cflags___fPIE=yes
ax_cv_check_cflags___fno_strict_aliasing=yes
ax_cv_check_cflags___fno_strict_overflow=yes
ax_cv_check_cflags___fstack_protector=yes
ax_cv_check_cflags___ftls_model_local_dynamic=yes
ax_cv_check_cflags___fvisibility_hidden=yes
ax_cv_check_cflags___g__O2__pthread__fvisibility_hidden__fPIC__fPIE__fno_strict_aliasing__fno_strict_overflow__fstack_protector__Wall=yes
ax_cv_check_cflags___g__O2__pthread__fvisibility_hidden__fPIC__fPIE__fno_strict_aliasing__fno_strict_overflow__fstack_protector__Wextra=yes
ax_cv_check_cflags___g__O2__pthread__fvisibility_hidden__fPIC__fPIE__fno_strict_aliasing__fno_strict_overflow__fstack_protector__Wextra__Warray_bounds=yes
ax_cv_check_cflags___g__O2__pthread__fvisibility_hidden__fPIC__fPIE__fno_strict_aliasing__fno_strict_overflow__fstack_protector__Wextra__Warray_bounds__Wbad_function_cast=yes
ax_cv_check_cflags___g__O2__pthread__fvisibility_hidden__fPIC__fPIE__fno_strict_aliasing__fno_strict_overflow__fstack_protector__Wextra__Warray_bounds__Wbad_function_cast__Wcast_qual=yes
ax_cv_check_cflags___g__O2__pthread__fvisibility_hidden__fPIC__fPIE__fno_strict_aliasing__fno_strict_overflow__fstack_protector__Wextra__Warray_bounds__Wbad_function_cast__Wcast_qual__Wdiv_by_zero=yes
ax_cv_check_cflags___g__O2__pthread__fvisibility_hidden__fPIC__fPIE__fno_strict_aliasing__fno_strict_overflow__fstack_protector__Wextra__Warray_bounds__Wbad_function_cast__Wcast_qual__Wdiv_by_zero__Wduplicated_branches=yes
ax_cv_check_cflags___g__O2__pthread__fvisibility_hidden__fPIC__fPIE__fno_strict_aliasing__fno_strict_overflow__fstack_protector__Wextra__Warray_bounds__Wbad_function_cast__Wcast_qual__Wdiv_by_zero__Wduplicated_branches__Wduplicated_cond=yes
ax_cv_check_cflags___g__O2__pthread__fvisibility_hidden__fPIC__fPIE__fno_strict_aliasing__fno_strict_overflow__fstack_protector__Wextra__Warray_bounds__Wbad_function_cast__Wcast_qual__Wdiv_by_zero__Wduplicated_branches__Wduplicated_cond__Wfloat_equal=yes
ax_cv_check_cflags___g__O2__pthread__fvisibility_hidden__fPIC__fPIE__fno_strict_aliasing__fno_strict_overflow__fstack_protector__Wextra__Warray_bounds__Wbad_function_cast__Wcast_qual__Wdiv_by_zero__Wduplicated_branches__Wduplicated_cond__Wfloat_equal__Wformat_2=yes
ax_cv_check_cflags___g__O2__pthread__fvisibility_hidden__fPIC__fPIE__fno_strict_aliasing__fno_strict_overflow__fstack_protector__Wextra__Warray_bounds__Wbad_function_cast__Wcast_qual__Wdiv_by_zero__Wduplicated_branches__Wduplicated_cond__Wfloat_equal__Wformat_2__Wlogical_op=yes
ax_cv_check_cflags___g__O2__pthread__fvisibility_hidden__fPIC__fPIE__fno_strict_aliasing__fno_strict_overflow__fstack_protector__Wextra__Warray_bounds__Wbad_function_cast__Wcast_qual__Wdiv_by_zero__Wduplicated_branches__Wduplicated_cond__Wfloat_equal__Wformat_2__Wlogical_op__Wmaybe_uninitialized=yes
ax_cv_check_cflags___g__O2__pthread__fvisibility_hidden__fPIC__fPIE__fno_strict_aliasing__fno_strict_overflow__fstack_protector__Wextra__Warray_bounds__Wbad_function_cast__Wcast_qual__Wdiv_by_zero__Wduplicated_branches__Wduplicated_cond__Wfloat_equal__Wformat_2__Wlogical_op__Wmaybe_uninitialized__Wmisleading_indentation=yes
ax_cv_check_cflags___g__O2__pthread__fvisibility_hidden__fPIC__fPIE__fno_strict_aliasing__fno_strict_overflow__fstack_protector__Wextra__Warray_bounds__Wbad_function_cast__Wcast_qual__Wdiv_by_zero__Wduplicated_branches__Wduplicated_cond__Wfloat_equal__Wformat_2__Wlogical_op__Wmaybe_uninitialized__Wmisleading_indentation__Wmissing_declarations=yes
ax_cv_check_cflags___g__O2__pthread__fvisibility_hidden__fPIC__fPIE__fno_strict_aliasing__fno_strict_overflow__fstack_protector__Wextra__Warray_bounds__Wbad_function_cast__Wcast_qual__Wdiv_by_zero__Wduplicated_branches__Wduplicated_cond__Wfloat_equal__Wformat_2__Wlogical_op__Wmaybe_uninitialized__Wmisleading_indentation__Wmissing_declarations__Wmissing_prototypes=yes
ax_cv_check_cflags___g__O2__pthread__fvisibility_hidden__fPIC__fPIE__fno_strict_aliasing__fno_strict_overflow__fstack_protector__Wextra__Warray_bounds__Wbad_function_cast__Wcast_qual__Wdiv_by_zero__Wduplicated_branches__Wduplicated_cond__Wfloat_equal__Wformat_2__Wlogical_op__Wmaybe_uninitialized__Wmisleading_indentation__Wmissing_declarations__Wmissing_prototypes__Wnested_externs=yes
ax_cv_check_cflags___g__O2__pthread__fvisibility_hidden__fPIC__fPIE__fno_strict_aliasing__fno_strict_overflow__fstack_protector__Wextra__Warray_bounds__Wbad_function_cast__Wcast_qual__Wdiv_by_zero__Wduplicated_branches__Wduplicated_cond__Wfloat_equal__Wformat_2__Wlogical_op__Wmaybe_uninitialized__Wmisleading_indentation__Wmissing_declarations__Wmissing_prototypes__Wnested_externs__Wno_type_limits=yes
ax_cv_check_cflags___g__O2__pthread__fvisibility_hidden__fPIC__fPIE__fno_strict_aliasing__fno_strict_overflow__fstack_protector__Wextra__Warray_bounds__Wbad_function_cast__Wcast_qual__Wdiv_by_zero__Wduplicated_branches__Wduplicated_cond__Wfloat_equal__Wformat_2__Wlogical_op__Wmaybe_uninitialized__Wmisleading_indentation__Wmissing_declarations__Wmissing_prototypes__Wnested_externs__Wno_type_limits__Wno_unknown_pragmas=yes
ax_cv_check_cflags___g__O2__pthread__fvisibility_hidden__fPIC__fPIE__fno_strict_aliasing__fno_strict_overflow__fstack_protector__Wextra__Warray_bounds__Wbad_function_cast__Wcast_qual__Wdiv_by_zero__Wduplicated_branches__Wduplicated_cond__Wfloat_equal__Wformat_2__Wlogical_op__Wmaybe_uninitialized__Wmisleading_indentation__Wmissing_declarations__Wmissing_prototypes__Wnested_externs__Wno_type_limits__Wno_unknown_pragmas__Wnormalized_id=yes
ax_cv_check_cflags___g__O2__pthread__fvisibility_hidden__fPIC__fPIE__fno_strict_aliasing__fno_strict_overflow__fstack_protector__Wextra__Warray_bounds__Wbad_function_cast__Wcast_qual__Wdiv_by_zero__Wduplicated_branches__Wduplicated_cond__Wfloat_equal__Wformat_2__Wlogical_op__Wmaybe_uninitialized__Wmisleading_indentation__Wmissing_declarations__Wmissing_prototypes__Wnested_externs__Wno_type_limits__Wno_unknown_pragmas__Wnormalized_id__Wnull_dereference=yes
ax_cv_check_cflags___g__O2__pthread__fvisibility_hidden__fPIC__fPIE__fno_strict_aliasing__fno_strict_overflow__fstack_protector__Wextra__Warray_bounds__Wbad_function_cast__Wcast_qual__Wdiv_by_zero__Wduplicated_branches__Wduplicated_cond__Wfloat_equal__Wformat_2__Wlogical_op__Wmaybe_uninitialized__Wmisleading_indentation__Wmissing_declarations__Wmissing_prototypes__Wnested_externs__Wno_type_limits__Wno_unknown_pragmas__Wnormalized_id__Wnull_dereference__Wold_style_declaration=yes
ax_cv_check_cflags___g__O2__pthread__fvisibility_hidden__fPIC__fPIE__fno_strict_aliasing__fno_strict_overflow__fstack_protector__Wextra__Warray_bounds__Wbad_function_cast__Wcast_qual__Wdiv_by_zero__Wduplicated_branches__Wduplicated_cond__Wfloat_equal__Wformat_2__Wlogical_op__Wmaybe_uninitialized__Wmisleading_indentation__Wmissing_declarations__Wmissing_prototypes__Wnested_externs__Wno_type_limits__Wno_unknown_pragmas__Wnormalized_id__Wnull_dereference__Wold_style_declaration__Wpointer_arith=yes
ax_cv_check_cflags___g__O2__pthread__fvisibility_hidden__fPIC__fPIE__fno_strict_aliasing__fno_strict_overflow__fstack_protector__Wextra__Warray_bounds__Wbad_function_cast__Wcast_qual__Wdiv_by_zero__Wduplicated_branches__Wduplicated_cond__Wfloat_equal__Wformat_2__Wlogical_op__Wmaybe_uninitialized__Wmisleading_indentation__Wmissing_declarations__Wmissing_prototypes__Wnested_externs__Wno_type_limits__Wno_unknown_pragmas__Wnormalized_id__Wnull_dereference__Wold_style_declaration__Wpointer_arith__Wredundant_decls=yes
ax_cv_check_cflags___g__O2__pthread__fvisibility_hidden__fPIC__fPIE__fno_strict_aliasing__fno_strict_overflow__fstack_protector__Wextra__Warray_bounds__Wbad_function_cast__Wcast_qual__Wdiv_by_zero__Wduplicated_branches__Wduplicated_cond__Wfloat_equal__Wformat_2__Wlogical_op__Wmaybe_uninitialized__Wmisleading_indentation__Wmissing_declarations__Wmissing_prototypes__Wnested_externs__Wno_type_limits__Wno_unknown_pragmas__Wnormalized_id__Wnull_dereference__Wold_style_declaration__Wpointer_arith__Wredundant_decls__Wrestrict=yes
ax_cv_check_cflags___g__O2__pthread__fvisibility_hidden__fPIC__fPIE__fno_strict_aliasing__fno_strict_overflow__fstack_protector__Wextra__Warray_bounds__Wbad_function_cast__Wcast_qual__Wdiv_by_zero__Wduplicated_branches__Wduplicated_cond__Wfloat_equal__Wformat_2__Wlogical_op__Wmaybe_uninitialized__Wmisleading_indentation__Wmissing_declarations__Wmissing_prototypes__Wnested_externs__Wno_type_limits__Wno_unknown_pragmas__Wnormalized_id__Wnull_dereference__Wold_style_declaration__Wpointer_arith__Wredundant_decls__Wrestrict__Wshorten_64_to_32=no
ax_cv_check_cflags___g__O2__pthread__fvisibility_hidden__fPIC__fPIE__fno_strict_aliasing__fno_strict_overflow__fstack_protector__Wextra__Warray_bounds__Wbad_function_cast__Wcast_qual__Wdiv_by_zero__Wduplicated_branches__Wduplicated_cond__Wfloat_equal__Wformat_2__Wlogical_op__Wmaybe_uninitialized__Wmisleading_indentation__Wmissing_declarations__Wmissing_prototypes__Wnested_externs__Wno_type_limits__Wno_unknown_pragmas__Wnormalized_id__Wnull_dereference__Wold_style_declaration__Wpointer_arith__Wredundant_decls__Wrestrict__Wsometimes_uninitialized=no
ax_cv_check_cflags___g__O2__pthread__fvisibility_hidden__fPIC__fPIE__fno_strict_aliasing__fno_strict_overflow__fstack_protector__Wextra__Warray_bounds__Wbad_function_cast__Wcast_qual__Wdiv_by_zero__Wduplicated_branches__Wduplicated_cond__Wfloat_equal__Wformat_2__Wlogical_op__Wmaybe_uninitialized__Wmisleading_indentation__Wmissing_declarations__Wmissing_prototypes__Wnested_externs__Wno_type_limits__Wno_unknown_pragmas__Wnormalized_id__Wnull_dereference__Wold_style_declaration__Wpointer_arith__Wredundant_decls__Wrestrict__Wstrict_prototypes=yes
ax_cv_check_cflags___g__O2__pthread__fvisibility_hidden__fPIC__fPIE__fno_strict_aliasing__fno_strict_overflow__fstack_protector__Wextra__Warray_bounds__Wbad_function_cast__Wcast_qual__Wdiv_by_zero__Wduplicated_branches__Wduplicated_cond__Wfloat_equal__Wformat_2__Wlogical_op__Wmaybe_uninitialized__Wmisleading_indentation__Wmissing_declarations__Wmissing_prototypes__Wnested_externs__Wno_type_limits__Wno_unknown_pragmas__Wnormalized_id__Wnull_dereference__Wold_style_declaration__Wpointer_arith__Wredundant_decls__Wrestrict__Wstrict_prototypes__Wswitch_enum=yes
ax_cv_check_cflags___g__O2__pthread__fvisibility_hidden__fPIC__fPIE__fno_strict_aliasing__fno_strict_overflow__fstack_protector__Wextra__Warray_bounds__Wbad_function_cast__Wcast_qual__Wdiv_by_zero__Wduplicated_branches__Wduplicated_cond__Wfloat_equal__Wformat_2__Wlogical_op__Wmaybe_uninitialized__Wmisleading_indentation__Wmissing_declarations__Wmissing_prototypes__Wnested_externs__Wno_type_limits__Wno_unknown_pragmas__Wnormalized_id__Wnull_dereference__Wold_style_declaration__Wpointer_arith__Wredundant_decls__Wrestrict__Wstrict_prototypes__Wswitch_enum__Wvariable_decl=no
ax_cv_check_cflags___g__O2__pthread__fvisibility_hidden__fPIC__fPIE__fno_strict_aliasing__fno_strict_overflow__fstack_protector__Wextra__Warray_bounds__Wbad_function_cast__Wcast_qual__Wdiv_by_zero__Wduplicated_branches__Wduplicated_cond__Wfloat_equal__Wformat_2__Wlogical_op__Wmaybe_uninitialized__Wmisleading_indentation__Wmissing_declarations__Wmissing_prototypes__Wnested_externs__Wno_type_limits__Wno_unknown_pragmas__Wnormalized_id__Wnull_dereference__Wold_style_declaration__Wpointer_arith__Wredundant_decls__Wrestrict__Wstrict_prototypes__Wswitch_enum__Wwrite_strings=yes
ax_cv_check_cflags___maes=yes
ax_cv_check_cflags___mavx2=yes
ax_cv_check_cflags___mavx512f=yes
ax_cv_check_cflags___mavx=yes
ax_cv_check_cflags___mmmx=yes
ax_cv_check_cflags___mpclmul=yes
ax_cv_check_cflags___mrdrnd=yes
ax_cv_check_cflags___msse2=yes
ax_cv_check_cflags___msse3=yes
ax_cv_check_cflags___msse4_1=yes
ax_cv_check_cflags___mssse3=yes
ax_cv_check_ldflags___Wl__z_noexecstack=yes
ax_cv_check_ldflags___Wl__z_now=yes
ax_cv_check_ldflags___Wl__z_relro=yes
ax_cv_check_ldflags___fstack_protector=yes
ax_cv_check_ldflags___pie=yes
gl_cv_ld_output_def=no
lt_cv_ar_at_file=@
lt_cv_archive_cmds_need_lc=no
lt_cv_deplibs_check_method=pass_all
lt_cv_file_magic_cmd='$MAGIC_CMD'
lt_cv_file_magic_test_file=
lt_cv_ld_reload_flag=-r
lt_cv_nm_interface='BSD nm'
lt_cv_objdir=.libs
lt_cv_path_LD=/usr/bin/ld
lt_cv_path_NM='/usr/bin/nm -B'
lt_cv_path_mainfest_tool=no
lt_cv_prog_compiler_c_o=yes
lt_cv_prog_compiler_pic='-fPIC -DPIC'
lt_cv_prog_compiler_pic_works=yes
lt_cv_prog_compiler_rtti_exceptions=no
lt_cv_prog_compiler_static_works=yes
lt_cv_prog_gnu_ld=yes
lt_cv_sharedlib_from_linklib_cmd='printf %s\n'
lt_cv_shlibpath_overrides_runpath=yes
lt_cv_sys_global_symbol_pipe='/usr/bin/sed -n -e '\''s/^.*[	 ]\([ABCDGIRSTW][ABCDGIRSTW]*\)[	 ][	 ]*\([_A-Za-z][_A-Za-z0-9]*\)$/\1 \2 \2/p'\'' | /usr/bin/sed '\''/ __gnu_lto/d'\'''
lt_cv_sys_global_symbol_to_c_name_address='/usr/bin/sed -n -e '\''s/^: \(.*\) .*$/  {"\1", (void *) 0},/p'\'' -e '\''s/^[ABCDGIRSTW][ABCDGIRSTW]* .* \(.*\)$/  {"\1", (void *) \&\1},/p'\'''
lt_cv_sys_global_symbol_to_c_name_address_lib_prefix='/usr/bin/sed -n -e '\''s/^: \(.*\) .*$/  {"\1", (void *) 0},/p'\'' -e '\''s/^[ABCDGIRSTW][ABCDGIRSTW]* .* \(lib.*\)$/  {"\1", (void *) \&\1},/p'\'' -e '\''s/^[ABCDGIRSTW][ABCDGIRSTW]* .* \(.*\)$/  {"lib\1", (void *) \&\1},/p'\'''
lt_cv_sys_global_symbol_to_cdecl='/usr/bin/sed -n -e '\''s/^T .* \(.*\)$/extern int \1();/p'\'' -e '\''s/^[ABCDGIRSTW][ABCDGIRSTW]* .* \(.*\)$/extern char \1;/p'\'''
lt_cv_sys_global_symbol_to_import=
lt_cv_sys_max_cmd_len=1572864
lt_cv_to_host_file_cmd=func_convert_file_noop
lt_cv_to_tool_file_cmd=func_convert_file_noop
lt_cv_truncate_bin='/usr/bin/dd bs=4096 count=1'

## ----------------- ##
## Output variables. ##
## ----------------- ##

	@echo "Need to use GNU make and reconfigure with --enable-valgrind"'
ACLOCAL='${SHELL} '\''/jty/xyx1/vole_pdc2_repro/deps/volepsi/out/libsodium/build-aux/missing'\'' aclocal-1.16'
ALLOCA=''
AMDEPBACKSLASH='\'
AMDEP_FALSE='#'
AMDEP_TRUE=''
AMTAR='$${TAR-tar}'
AM_BACKSLASH='\'
AM_DEFAULT_V='$(AM_DEFAULT_VERBOSITY)'
AM_DEFAULT_VERBOSITY='0'
AM_V='$(V)'
AR='ar'
AUTOCONF='${SHELL} '\''/jty/xyx1/vole_pdc2_repro/deps/volepsi/out/libsodium/build-aux/missing'\'' autoconf'
AUTOHEADER='${SHELL} '\''/jty/xyx1/vole_pdc2_repro/deps/volepsi/out/libsodium/build-aux/missing'\'' autoheader'
AUTOMAKE='${SHELL} '\''/jty/xyx1/vole_pdc2_repro/deps/volepsi/out/libsodium/build-aux/missing'\'' automake-1.16'
AWK='mawk'
CC='/usr/bin/cc'
CCAS='/usr/bin/cc'
CCASDEPMODE='depmode=gcc3'
CCASFLAGS='-g -O2'
CCDEPMODE='depmode=gcc3'
CFLAGS='-g -O2 -pthread -fvisibility=hidden -fPIC -fPIE -fno-strict-aliasing -fno-strict-overflow -fstack-protector -ftls-model=local-dynamic'
CFLAGS_AESNI='-maes'
CFLAGS_ARMCRYPTO=''
CFLAGS_AVX2='-mavx2'
CFLAGS_AVX512F='-mavx512f'
CFLAGS_AVX='-mavx'
CFLAGS_MMX='-mmmx'
CFLAGS_PCLMUL='-mpclmul'
CFLAGS_RDRAND='-mrdrnd'
CFLAGS_SSE2='-msse2'
CFLAGS_SSE3='-msse3'
CFLAGS_SSE41='-msse4.1'
CFLAGS_SSSE3='-mssse3'
CPP='/usr/bin/cc -E'
CPPFLAGS=''
CSCOPE='cscope'
CTAGS='ctags'
CWFLAGS='-g -O2 -pthread -fvisibility=hidden -fPIC -fPIE -fno-strict-aliasing -fno-strict-overflow -fstack-protector -Wextra -Warray-bounds -Wbad-function-cast -Wcast-qual -Wdiv-by-zero -Wduplicated-branches -Wduplicated-cond -Wfloat-equal -Wformat=2 -Wlogical-op -Wmaybe-uninitialized -Wmisleading-indentation -Wmissing-declarations -Wmissing-prototypes -Wnested-externs -Wno-type-limits -Wno-unknown-pragmas -Wnormalized=id -Wnull-dereference -Wold-style-declaration -Wpointer-arith -Wredundant-decls -Wrestrict -Wstrict-prototypes -Wswitch-enum -Wwrite-strings'
CYGPATH_W='echo'
DEFS='-DPACKAGE_NAME=\"libsodium\" -DPACKAGE_TARNAME=\"libsodium\" -DPACKAGE_VERSION=\"1.0.18\" -DPACKAGE_STRING=\"libsodium\ 1.0.18\" -DPACKAGE_BUGREPORT=\"https://github.com/jedisct1/libsodium/issues\" -DPACKAGE_URL=\"https://libsodium.org\" -DPACKAGE=\"libsodium\" -DVERSION=\"1.0.18\" -DHAVE_STDIO_H=1 -DHAVE_STDLIB_H=1 -DHAVE_STRING_H=1 -DHAVE_INTTYPES_H=1 -DHAVE_STDINT_H=1 -DHAVE_STRINGS_H=1 -DHAVE_SYS_STAT_H=1 -DHAVE_SYS_TYPES_H=1 -DHAVE_UNISTD_H=1 -DHAVE_WCHAR_H=1 -DSTDC_HEADERS=1 -D_ALL_SOURCE=1 -D_DARWIN_C_SOURCE=1 -D_GNU_SOURCE=1 -D_HPUX_ALT_XOPEN_SOCKET_API=1 -D_NETBSD_SOURCE=1 -D_OPENBSD_SOURCE=1 -D_POSIX_PTHREAD_SEMANTICS=1 -D__STDC_WANT_IEC_60559_ATTRIBS_EXT__=1 -D__STDC_WANT_IEC_60559_BFP_EXT__=1 -D__STDC_WANT_IEC_60559_DFP_EXT__=1 -D__STDC_WANT_IEC_60559_FUNCS_EXT__=1 -D__STDC_WANT_IEC_60559_TYPES_EXT__=1 -D__STDC_WANT_LIB_EXT2__=1 -D__STDC_WANT_MATH_SPEC_FUNCS__=1 -D_TANDEM_SOURCE=1 -D__EXTENSIONS__=1 -DHAVE_PTHREAD_PRIO_INHERIT=1 -DHAVE_PTHREAD=1 -DHAVE_C_VARARRAYS=1 -DHAVE_CATCHABLE_SEGV=1 -DHAVE_CATCHABLE_ABRT=1 -DTLS=_Thread_local -DHAVE_DLFCN_H=1 -DLT_OBJDIR=\".libs/\" -DHAVE_MMINTRIN_H=1 -DHAVE_EMMINTRIN_H=1 -DHAVE_PMMINTRIN_H=1 -DHAVE_TMMINTRIN_H=1 -DHAVE_SMMINTRIN_H=1 -DHAVE_AVXINTRIN_H=1 -DHAVE_AVX2INTRIN_H=1 -DHAVE_AVX512FINTRIN_H=1 -DHAVE_WMMINTRIN_H=1 -DHAVE_RDRAND=1 -DHAVE_SYS_MMAN_H=1 -DHAVE_SYS_PARAM_H=1 -DHAVE_SYS_RANDOM_H=1 -DHAVE_SYS_AUXV_H=1 -DNATIVE_LITTLE_ENDIAN=1 -DHAVE_INLINE_ASM=1 -DHAVE_AMD64_ASM=1 -DHAVE_AVX_ASM=1 -DHAVE_TI_MODE=1 -DHAVE_CPUID=1 -DASM_HIDE_SYMBOL=.hidden -DHAVE_WEAK_SYMBOLS=1 -DHAVE_ATOMIC_OPS=1 -DHAVE_C11_MEMORY_FENCES=1 -DHAVE_GCC_MEMORY_FENCES=1 -DHAVE_ALLOCA_H=1 -DHAVE_ALLOCA=1 -DHAVE_ARC4RANDOM=1 -DHAVE_ARC4RANDOM_BUF=1 -DHAVE_MMAP=1 -DHAVE_MLOCK=1 -DHAVE_MADVISE=1 -DHAVE_MPROTECT=1 -DHAVE_RAISE=1 -DHAVE_SYSCONF=1 -DHAVE_GETRANDOM=1 -DHAVE_GETENTROPY=1 -DHAVE_GETPID=1 -DHAVE_POSIX_MEMALIGN=1 -DHAVE_NANOSLEEP=1 -DHAVE_EXPLICIT_BZERO=1 -DCONFIGURED=1'
DEPDIR='.deps'
DLLTOOL='false'
DLL_VERSION='27'
DSYMUTIL=''
DUMPBIN=''
ECHO_C=''
ECHO_N='-n'
ECHO_T=''
EGREP='/usr/bin/grep -E'
EMSCRIPTEN_FALSE=''
EMSCRIPTEN_TRUE='#'
ENABLE_VALGRIND_drd='no'
ENABLE_VALGRIND_helgrind='no'
ENABLE_VALGRIND_memcheck='no'
ENABLE_VALGRIND_sgcheck='no'
ETAGS='etags'
EXEEXT=''
FGREP='/usr/bin/grep -F'
FILECMD='file'
GREP='/usr/bin/grep'
HAVE_AMD64_ASM_FALSE='#'
HAVE_AMD64_ASM_TRUE=''
HAVE_AMD64_ASM_V='1'
HAVE_AVX_ASM_FALSE='#'
HAVE_AVX_ASM_TRUE=''
HAVE_AVX_ASM_V='1'
HAVE_CPUID_V='1'
HAVE_LD_OUTPUT_DEF_FALSE=''
HAVE_LD_OUTPUT_DEF_TRUE='#'
HAVE_TI_MODE_FALSE='#'
HAVE_TI_MODE_TRUE=''
HAVE_TI_MODE_V='1'
INSTALL_DATA='${INSTALL} -m 644'
INSTALL_PROGRAM='${INSTALL}'
INSTALL_SCRIPT='${INSTALL}'
INSTALL_STRIP_PROGRAM='$(install_sh) -c -s'
LD='/usr/bin/ld -m elf_x86_64'
LDFLAGS=' -pie -Wl,-z,relro -Wl,-z,now -Wl,-z,noexecstack'
LIBOBJS=''
LIBS='-lpthread '
LIBTOOL='$(SHELL) $(top_builddir)/libtool'
LIBTOOL_DEPS='./build-aux//ltmain.sh'
LIBTOOL_EXTRA_FLAGS=' -version-info 27:0:0'
LIPO=''
LN_S='ln -s'
LTLIBOBJS=''
LT_SYS_LIBRARY_PATH=''
MAINT='#'
MAINTAINER_MODE_FALSE=''
MAINTAINER_MODE_TRUE='#'
MAKEINFO='${SHELL} '\''/jty/xyx1/vole_pdc2_repro/deps/volepsi/out/libsodium/build-aux/missing'\'' makeinfo'
MANIFEST_TOOL=':'
MINIMAL_FALSE=''
MINIMAL_TRUE='#'
MKDIR_P='/usr/bin/mkdir -p'
NM='/usr/bin/nm -B'
NMEDIT=''
OBJDUMP='objdump'
OBJEXT='o'
OTOOL64=''
OTOOL=''
PACKAGE='libsodium'
PACKAGE_BUGREPORT='https://github.com/jedisct1/libsodium/issues'
PACKAGE_NAME='libsodium'
PACKAGE_STRING='libsodium 1.0.18'
PACKAGE_TARNAME='libsodium'
PACKAGE_URL='https://libsodium.org'
PACKAGE_VERSION='1.0.18'
PATH_SEPARATOR=':'
PKGCONFIG_LIBS_PRIVATE='-lpthread -pthread '
PTHREAD_CC='/usr/bin/cc'
PTHREAD_CFLAGS='-pthread'
PTHREAD_CXX='/usr/bin/c++'
PTHREAD_LIBS='-lpthread'
RANLIB='ranlib'
SAFECODE_HOME=''
SED='/usr/bin/sed'
SET_MAKE=''
SHELL='/bin/bash'
SODIUM_LIBRARY_MINIMAL_DEF=''
SODIUM_LIBRARY_VERSION='27:0:0'
SODIUM_LIBRARY_VERSION_MAJOR='11'
SODIUM_LIBRARY_VERSION_MINOR='0'
STRIP='strip'
TEST_LDFLAGS=''
VALGRIND=''
VALGRIND_CHECK_RULES='
VALGRIND_ENABLED='no'
VALGRIND_ENABLED_FALSE=''
VALGRIND_ENABLED_TRUE='#'
VERSION='1.0.18'
WASI_FALSE=''
WASI_TRUE='#'
ac_ct_AR='ar'
ac_ct_CC='/usr/bin/cc'
ac_ct_DUMPBIN=''
am__EXEEXT_FALSE=''
am__EXEEXT_TRUE='#'
am__fastdepCCAS_FALSE='#'
am__fastdepCCAS_TRUE=''
am__fastdepCC_FALSE='#'
am__fastdepCC_TRUE=''
am__include='include'
am__isrc=''
am__leading_dot='.'
am__nodep='_no'
am__quote=''
am__tar='tar --format=ustar -chf - "$$tardir"'
am__untar='tar -xf -'
ax_pthread_config=''
bindir='${exec_prefix}/bin'
build='x86_64-pc-linux-gnu'
build_alias=''
build_cpu='x86_64'
build_os='linux-gnu'
build_vendor='pc'
check-valgrind:
datadir='${datarootdir}'
datarootdir='${prefix}/share'
docdir='${datarootdir}/doc/${PACKAGE_TARNAME}'
dvidir='${docdir}'
exec_prefix='${prefix}'
host='x86_64-pc-linux-gnu'
host_alias=''
host_cpu='x86_64'
host_os='linux-gnu'
host_vendor='pc'
htmldir='${docdir}'
includedir='${prefix}/include'
infodir='${datarootdir}/info'
install_sh='${SHELL} /jty/xyx1/vole_pdc2_repro/deps/volepsi/out/libsodium/build-aux/install-sh'
libdir='${exec_prefix}/lib'
libexecdir='${exec_prefix}/libexec'
localedir='${datarootdir}/locale'
localstatedir='${prefix}/var'
mandir='${datarootdir}/man'
mkdir_p='$(MKDIR_P)'
oldincludedir='/usr/include'
pdfdir='${docdir}'
prefix='/jty/xyx1/vole_pdc2_repro/deps/volepsi/out/install/linux'
program_transform_name='s,x,x,'
psdir='${docdir}'
runstatedir='${localstatedir}/run'
sbindir='${exec_prefix}/sbin'
sharedstatedir='${prefix}/com'
sysconfdir='${prefix}/etc'
target='x86_64-pc-linux-gnu'
target_alias=''
target_cpu='x86_64'
target_os='linux-gnu'
target_vendor='pc'
valgrind_enabled_tools=''
valgrind_tools='memcheck helgrind drd sgcheck'

## ----------- ##
## confdefs.h. ##
## ----------- ##

/* confdefs.h */
#define PACKAGE_NAME "libsodium"
#define PACKAGE_TARNAME "libsodium"
#define PACKAGE_VERSION "1.0.18"
#define PACKAGE_STRING "libsodium 1.0.18"
#define PACKAGE_BUGREPORT "https://github.com/jedisct1/libsodium/issues"
#define PACKAGE_URL "https://libsodium.org"
#define PACKAGE "libsodium"
#define VERSION "1.0.18"
#define HAVE_STDIO_H 1
#define HAVE_STDLIB_H 1
#define HAVE_STRING_H 1
#define HAVE_INTTYPES_H 1
#define HAVE_STDINT_H 1
#define HAVE_STRINGS_H 1
#define HAVE_SYS_STAT_H 1
#define HAVE_SYS_TYPES_H 1
#define HAVE_UNISTD_H 1
#define HAVE_WCHAR_H 1
#define STDC_HEADERS 1
#define _ALL_SOURCE 1
#define _DARWIN_C_SOURCE 1
#define _GNU_SOURCE 1
#define _HPUX_ALT_XOPEN_SOCKET_API 1
#define _NETBSD_SOURCE 1
#define _OPENBSD_SOURCE 1
#define _POSIX_PTHREAD_SEMANTICS 1
#define __STDC_WANT_IEC_60559_ATTRIBS_EXT__ 1
#define __STDC_WANT_IEC_60559_BFP_EXT__ 1
#define __STDC_WANT_IEC_60559_DFP_EXT__ 1
#define __STDC_WANT_IEC_60559_FUNCS_EXT__ 1
#define __STDC_WANT_IEC_60559_TYPES_EXT__ 1
#define __STDC_WANT_LIB_EXT2__ 1
#define __STDC_WANT_MATH_SPEC_FUNCS__ 1
#define _TANDEM_SOURCE 1
#define __EXTENSIONS__ 1
#define HAVE_PTHREAD_PRIO_INHERIT 1
#define HAVE_PTHREAD 1
#define HAVE_C_VARARRAYS 1
#define HAVE_CATCHABLE_SEGV 1
#define HAVE_CATCHABLE_ABRT 1
#define TLS _Thread_local
#define HAVE_DLFCN_H 1
#define LT_OBJDIR ".libs/"
#define HAVE_MMINTRIN_H 1
#define HAVE_EMMINTRIN_H 1
#define HAVE_PMMINTRIN_H 1
#define HAVE_TMMINTRIN_H 1
#define HAVE_SMMINTRIN_H 1
#define HAVE_AVXINTRIN_H 1
#define HAVE_AVX2INTRIN_H 1
#define HAVE_AVX512FINTRIN_H 1
#define HAVE_WMMINTRIN_H 1
#define HAVE_RDRAND 1
#define HAVE_SYS_MMAN_H 1
#define HAVE_SYS_PARAM_H 1
#define HAVE_SYS_RANDOM_H 1
#define HAVE_SYS_AUXV_H 1
#define NATIVE_LITTLE_ENDIAN 1
#define HAVE_INLINE_ASM 1
#define HAVE_AMD64_ASM 1
#define HAVE_AVX_ASM 1
#define HAVE_TI_MODE 1
#define HAVE_CPUID 1
#define ASM_HIDE_SYMBOL .hidden
#define HAVE_WEAK_SYMBOLS 1
#define HAVE_ATOMIC_OPS 1
#define HAVE_C11_MEMORY_FENCES 1
#define HAVE_GCC_MEMORY_FENCES 1
#define HAVE_ALLOCA_H 1
#define HAVE_ALLOCA 1
#define HAVE_ARC4RANDOM 1
#define HAVE_ARC4RANDOM_BUF 1
#define HAVE_MMAP 1
#define HAVE_MLOCK 1
#define HAVE_MADVISE 1
#define HAVE_MPROTECT 1
#define HAVE_RAISE 1
#define HAVE_SYSCONF 1
#define HAVE_GETRANDOM 1
#define HAVE_GETENTROPY 1
#define HAVE_GETPID 1
#define HAVE_POSIX_MEMALIGN 1
#define HAVE_NANOSLEEP 1
#define HAVE_EXPLICIT_BZERO 1
#define CONFIGURED 1

configure: exit 0
